# rank, time, memory kiB
0, 1.69170686065563893e+09, 16432716
0, 1.69170688065588689e+09, 16826916
0, 1.69170690065607905e+09, 16826924
0, 1.69170692065631700e+09, 16826924
0, 1.69170694065648389e+09, 16826924
0, 1.69170696065667009e+09, 16826924
0, 1.69170698065689802e+09, 16826924
0, 1.69170700065707397e+09, 16826940
0, 1.69170702065727496e+09, 16826940
1, 1.69170686065549397e+09, 16465776
1, 1.69170688065587401e+09, 16859992
1, 1.69170690065607691e+09, 16859992
1, 1.69170692065628910e+09, 16859992
1, 1.69170694065652895e+09, 16859992
1, 1.69170696065674591e+09, 16859992
1, 1.69170698065699100e+09, 16859992
1, 1.69170700065720892e+09, 16860008
1, 1.69170702065742302e+09, 16860008
2, 1.69170686065559292e+09, 16465656
2, 1.69170688065593100e+09, 16859704
2, 1.69170690065610194e+09, 16859704
2, 1.69170692065628505e+09, 16859868
2, 1.69170694065647793e+09, 16859868
2, 1.69170696065666103e+09, 16859868
2, 1.69170698065685296e+09, 16859868
2, 1.69170700065703106e+09, 16859884
2, 1.69170702065722895e+09, 16859884
3, 1.69170686065554190e+09, 16465024
3, 1.69170688065588593e+09, 16859076
3, 1.69170690065606499e+09, 16859076
3, 1.69170692065625405e+09, 16859240
3, 1.69170694065640807e+09, 16859240
3, 1.69170696065655804e+09, 16859240
3, 1.69170698065676403e+09, 16859240
3, 1.69170700065695310e+09, 16859256
3, 1.69170702065713692e+09, 16859256
4, 1.69170686065552402e+09, 16434412
4, 1.69170688065589595e+09, 16828600
4, 1.69170690065609789e+09, 16828600
4, 1.69170692065629005e+09, 16828600
4, 1.69170694065649605e+09, 16828600
4, 1.69170696065671897e+09, 16828600
4, 1.69170698065692496e+09, 16828600
4, 1.69170700065714312e+09, 16828616
4, 1.69170702065736008e+09, 16828616
5, 1.69170686065546894e+09, 16468596
5, 1.69170688065587211e+09, 16784692
5, 1.69170690065608406e+09, 16784692
5, 1.69170692065628791e+09, 16784692
5, 1.69170694065652895e+09, 16784692
5, 1.69170696065675902e+09, 16784692
5, 1.69170698065700698e+09, 16784692
5, 1.69170700065721703e+09, 16784708
5, 1.69170702065744996e+09, 16784708
6, 1.69170686065540695e+09, 16463456
6, 1.69170688065578699e+09, 16857664
6, 1.69170690065596795e+09, 16857664
6, 1.69170692065614390e+09, 16857664
6, 1.69170694065633297e+09, 16857664
6, 1.69170696065652704e+09, 16857664
6, 1.69170698065673304e+09, 16857664
6, 1.69170700065691590e+09, 16857680
6, 1.69170702065710592e+09, 16857680
7, 1.69170686065535498e+09, 16467912
7, 1.69170688065571594e+09, 16783992
7, 1.69170690065590096e+09, 16783992
7, 1.69170692065608406e+09, 16783996
7, 1.69170694065628409e+09, 16783996
7, 1.69170696065648198e+09, 16783996
7, 1.69170698065669203e+09, 16783996
7, 1.69170700065687203e+09, 16784012
7, 1.69170702065707707e+09, 16784012
8, 1.69170686065557003e+09, 16434848
8, 1.69170688065591192e+09, 16829048
8, 1.69170690065613389e+09, 16829048
8, 1.69170692065637112e+09, 16829048
8, 1.69170694065656996e+09, 16829048
8, 1.69170696065680599e+09, 16829048
8, 1.69170698065703893e+09, 16829048
8, 1.69170700065729094e+09, 16829064
8, 1.69170702065751696e+09, 16829064
9, 1.69170686065543890e+09, 16419616
9, 1.69170688065574789e+09, 16813840
9, 1.69170690065590191e+09, 16813840
9, 1.69170692065610003e+09, 16813840
9, 1.69170694065625405e+09, 16813840
9, 1.69170696065640807e+09, 16813840
9, 1.69170698065658307e+09, 16813840
9, 1.69170700065676498e+09, 16813856
9, 1.69170702065693808e+09, 16813856
10, 1.69170686065547490e+09, 16471540
10, 1.69170688065580797e+09, 16787456
10, 1.69170690065596294e+09, 16787608
10, 1.69170692065613294e+09, 16787608
10, 1.69170694065628910e+09, 16787608
10, 1.69170696065644693e+09, 16787608
10, 1.69170698065661812e+09, 16787608
10, 1.69170700065677595e+09, 16787624
10, 1.69170702065693903e+09, 16787624
11, 1.69170686065550303e+09, 16423388
11, 1.69170688065583491e+09, 16817596
11, 1.69170690065599990e+09, 16817596
11, 1.69170692065618491e+09, 16817596
11, 1.69170694065635395e+09, 16817596
11, 1.69170696065651608e+09, 16817596
11, 1.69170698065669799e+09, 16817596
11, 1.69170700065686893e+09, 16817612
11, 1.69170702065703392e+09, 16817612
12, 1.69170686065560293e+09, 16505852
12, 1.69170688065589309e+09, 16821936
12, 1.69170690065603805e+09, 16821936
12, 1.69170692065618896e+09, 16821936
12, 1.69170694065631390e+09, 16821936
12, 1.69170696065644908e+09, 16821936
12, 1.69170698065662503e+09, 16821936
12, 1.69170700065675592e+09, 16821952
12, 1.69170702065685391e+09, 16821952
13, 1.69170686065550208e+09, 16471920
13, 1.69170688065575600e+09, 16787848
13, 1.69170690065585494e+09, 16787848
13, 1.69170692065599799e+09, 16788000
13, 1.69170694065617108e+09, 16788000
13, 1.69170696065624595e+09, 16788000
13, 1.69170698065637708e+09, 16788000
13, 1.69170700065648603e+09, 16788016
13, 1.69170702065661407e+09, 16788016
14, 1.69170686065543890e+09, 16461820
14, 1.69170688065572500e+09, 16856048
14, 1.69170690065582395e+09, 16856048
14, 1.69170692065593410e+09, 16856048
14, 1.69170694065605807e+09, 16856048
14, 1.69170696065616608e+09, 16856048
14, 1.69170698065627599e+09, 16856048
14, 1.69170700065639091e+09, 16856064
14, 1.69170702065649390e+09, 16856064
15, 1.69170686065554309e+09, 16471228
15, 1.69170688065585089e+09, 16787328
15, 1.69170690065604496e+09, 16787328
15, 1.69170692065620708e+09, 16787328
15, 1.69170694065639997e+09, 16787328
15, 1.69170696065651488e+09, 16787328
15, 1.69170698065670109e+09, 16787328
15, 1.69170700065687799e+09, 16787344
15, 1.69170702065696001e+09, 16787344
16, 1.69170686065558910e+09, 16506576
16, 1.69170688065595007e+09, 16822648
16, 1.69170690065611005e+09, 16822656
16, 1.69170692065628409e+09, 16822656
16, 1.69170694065644407e+09, 16822656
16, 1.69170696065660596e+09, 16822656
16, 1.69170698065679407e+09, 16822656
16, 1.69170700065695906e+09, 16822672
16, 1.69170702065712309e+09, 16822672
17, 1.69170686065564895e+09, 16467448
17, 1.69170688065596890e+09, 16861644
17, 1.69170690065613294e+09, 16861652
17, 1.69170692065633106e+09, 16861652
17, 1.69170694065650511e+09, 16861652
17, 1.69170696065668106e+09, 16861652
17, 1.69170698065686202e+09, 16861652
17, 1.69170700065704298e+09, 16861668
17, 1.69170702065722895e+09, 16861668
18, 1.69170686065551090e+09, 16468548
18, 1.69170688065585494e+09, 16784632
18, 1.69170690065601993e+09, 16784640
18, 1.69170692065619802e+09, 16784640
18, 1.69170694065636897e+09, 16784640
18, 1.69170696065653896e+09, 16784640
18, 1.69170698065671706e+09, 16784640
18, 1.69170700065687490e+09, 16784656
18, 1.69170702065704703e+09, 16784656
19, 1.69170686065544295e+09, 16467224
19, 1.69170688065579605e+09, 16783300
19, 1.69170690065596008e+09, 16783308
19, 1.69170692065614605e+09, 16783308
19, 1.69170694065631509e+09, 16783308
19, 1.69170696065649891e+09, 16783308
19, 1.69170698065667391e+09, 16783308
19, 1.69170700065685105e+09, 16783324
19, 1.69170702065703106e+09, 16783324
20, 1.69170686065559793e+09, 16509664
20, 1.69170688065596795e+09, 16825748
20, 1.69170690065618801e+09, 16825748
20, 1.69170692065639210e+09, 16825748
20, 1.69170694065661597e+09, 16825748
20, 1.69170696065685511e+09, 16825748
20, 1.69170698065709090e+09, 16825748
20, 1.69170700065730000e+09, 16825764
20, 1.69170702065752912e+09, 16825764
21, 1.69170686065554905e+09, 16468468
21, 1.69170688065591311e+09, 16862688
21, 1.69170690065608191e+09, 16862688
21, 1.69170692065624690e+09, 16862692
21, 1.69170694065643692e+09, 16862692
21, 1.69170696065661407e+09, 16862692
21, 1.69170698065679789e+09, 16862692
21, 1.69170700065696597e+09, 16862708
21, 1.69170702065714312e+09, 16862708
22, 1.69170686065544605e+09, 16463088
22, 1.69170688065578794e+09, 16857296
22, 1.69170690065594912e+09, 16857296
22, 1.69170692065610194e+09, 16857296
22, 1.69170694065626407e+09, 16857296
22, 1.69170696065643501e+09, 16857296
22, 1.69170698065659499e+09, 16857296
22, 1.69170700065676594e+09, 16857312
22, 1.69170702065692592e+09, 16857312
23, 1.69170686065550590e+09, 16465440
23, 1.69170688065582299e+09, 16859664
23, 1.69170690065600300e+09, 16859672
23, 1.69170692065621591e+09, 16859672
23, 1.69170694065641308e+09, 16859672
23, 1.69170696065660501e+09, 16859672
23, 1.69170698065679097e+09, 16859672
23, 1.69170700065699196e+09, 16859688
23, 1.69170702065720510e+09, 16859688
24, 1.69170686065546298e+09, 16435044
24, 1.69170688065575790e+09, 16829284
24, 1.69170690065594196e+09, 16829292
24, 1.69170692065613103e+09, 16829292
24, 1.69170694065628791e+09, 16829292
24, 1.69170696065643406e+09, 16829292
24, 1.69170698065656900e+09, 16829292
24, 1.69170700065673304e+09, 16829308
24, 1.69170702065689993e+09, 16829308
25, 1.69170686065541005e+09, 16467348
25, 1.69170688065575504e+09, 16783432
25, 1.69170690065592599e+09, 16783444
25, 1.69170692065612197e+09, 16783444
25, 1.69170694065630198e+09, 16783444
25, 1.69170696065648103e+09, 16783444
25, 1.69170698065666795e+09, 16783444
25, 1.69170700065684891e+09, 16783460
25, 1.69170702065702295e+09, 16783460
26, 1.69170686065539598e+09, 16469028
26, 1.69170688065571594e+09, 16863088
26, 1.69170690065587401e+09, 16863088
26, 1.69170692065603209e+09, 16863248
26, 1.69170694065622306e+09, 16863248
26, 1.69170696065638900e+09, 16863248
26, 1.69170698065655994e+09, 16863248
26, 1.69170700065673208e+09, 16863264
26, 1.69170702065689611e+09, 16863264
27, 1.69170686065543795e+09, 16470520
27, 1.69170688065576196e+09, 16786476
27, 1.69170690065592790e+09, 16786476
27, 1.69170692065612411e+09, 16786644
27, 1.69170694065630007e+09, 16786644
27, 1.69170696065648007e+09, 16786644
27, 1.69170698065667009e+09, 16786644
27, 1.69170700065685296e+09, 16786660
27, 1.69170702065702891e+09, 16786660
28, 1.69170686065545893e+09, 16465900
28, 1.69170688065579009e+09, 16860096
28, 1.69170690065598607e+09, 16860096
28, 1.69170692065615296e+09, 16860096
28, 1.69170694065631604e+09, 16860096
28, 1.69170696065649390e+09, 16860096
28, 1.69170698065666008e+09, 16860096
28, 1.69170700065685606e+09, 16860112
28, 1.69170702065702605e+09, 16860112
29, 1.69170686065541601e+09, 16470960
29, 1.69170688065573907e+09, 16787044
29, 1.69170690065588999e+09, 16787044
29, 1.69170692065603995e+09, 16787044
29, 1.69170694065621209e+09, 16787048
29, 1.69170696065639591e+09, 16787048
29, 1.69170698065658498e+09, 16787048
29, 1.69170700065676999e+09, 16787064
29, 1.69170702065694809e+09, 16787064
30, 1.69170686065552092e+09, 16460272
30, 1.69170688065583992e+09, 16854312
30, 1.69170690065599704e+09, 16854312
30, 1.69170692065615511e+09, 16854472
30, 1.69170694065633893e+09, 16854472
30, 1.69170696065650606e+09, 16854472
30, 1.69170698065668392e+09, 16854472
30, 1.69170700065684795e+09, 16854488
30, 1.69170702065702295e+09, 16854488
31, 1.69170686065556097e+09, 16461644
31, 1.69170688065590096e+09, 16855868
31, 1.69170690065607810e+09, 16855868
31, 1.69170692065626097e+09, 16855868
31, 1.69170694065644908e+09, 16855868
31, 1.69170696065662909e+09, 16855868
31, 1.69170698065682006e+09, 16855868
31, 1.69170700065701890e+09, 16855884
31, 1.69170702065720701e+09, 16855884
32, 1.69170686065550900e+09, 16471076
32, 1.69170688065583396e+09, 16787132
32, 1.69170690065598989e+09, 16787132
32, 1.69170692065613794e+09, 16787132
32, 1.69170694065631700e+09, 16787132
32, 1.69170696065646005e+09, 16787132
32, 1.69170698065662003e+09, 16787132
32, 1.69170700065677190e+09, 16787148
32, 1.69170702065694094e+09, 16787148
33, 1.69170686065547395e+09, 16472392
33, 1.69170688065580201e+09, 16788460
33, 1.69170690065595794e+09, 16788460
33, 1.69170692065612102e+09, 16788460
33, 1.69170694065630198e+09, 16788460
33, 1.69170696065645289e+09, 16788460
33, 1.69170698065662003e+09, 16788460
33, 1.69170700065678096e+09, 16788476
33, 1.69170702065693402e+09, 16788476
34, 1.69170686065540504e+09, 16464240
34, 1.69170688065572810e+09, 16858440
34, 1.69170690065588498e+09, 16858440
34, 1.69170692065604401e+09, 16858440
34, 1.69170694065621090e+09, 16858440
34, 1.69170696065636611e+09, 16858440
34, 1.69170698065652394e+09, 16858440
34, 1.69170700065667701e+09, 16858456
34, 1.69170702065686393e+09, 16858456
35, 1.69170686065544605e+09, 16463800
35, 1.69170688065576792e+09, 16858004
35, 1.69170690065589309e+09, 16858004
35, 1.69170692065604091e+09, 16858004
35, 1.69170694065622211e+09, 16858004
35, 1.69170696065637493e+09, 16858004
35, 1.69170698065654111e+09, 16858004
35, 1.69170700065668988e+09, 16858020
35, 1.69170702065686989e+09, 16858020
36, 1.69170686065555692e+09, 16471236
36, 1.69170688065586996e+09, 16787168
36, 1.69170690065608001e+09, 16787328
36, 1.69170692065631700e+09, 16787328
36, 1.69170694065654111e+09, 16787328
36, 1.69170696065677595e+09, 16787328
36, 1.69170698065697503e+09, 16787328
36, 1.69170700065720701e+09, 16787344
36, 1.69170702065744495e+09, 16787344
37, 1.69170686065558791e+09, 16466956
37, 1.69170688065591097e+09, 16783032
37, 1.69170690065605998e+09, 16783032
37, 1.69170692065624189e+09, 16783032
37, 1.69170694065640903e+09, 16783032
37, 1.69170696065657711e+09, 16783032
37, 1.69170698065673590e+09, 16783032
37, 1.69170700065690207e+09, 16783048
37, 1.69170702065707588e+09, 16783048
38, 1.69170686065545297e+09, 16461172
38, 1.69170688065570903e+09, 16855392
38, 1.69170690065585899e+09, 16855396
38, 1.69170692065602398e+09, 16855396
38, 1.69170694065617990e+09, 16855396
38, 1.69170696065629792e+09, 16855396
38, 1.69170698065646791e+09, 16855396
38, 1.69170700065663910e+09, 16855412
38, 1.69170702065680790e+09, 16855412
39, 1.69170686065541291e+09, 16469312
39, 1.69170688065573692e+09, 16785396
39, 1.69170690065589595e+09, 16785396
39, 1.69170692065606594e+09, 16785400
39, 1.69170694065625000e+09, 16785400
39, 1.69170696065640593e+09, 16785400
39, 1.69170698065658689e+09, 16785400
39, 1.69170700065675211e+09, 16785416
39, 1.69170702065693688e+09, 16785416
40, 1.69170686065549707e+09, 16471200
40, 1.69170688065578508e+09, 16865392
40, 1.69170690065594602e+09, 16865392
40, 1.69170692065613294e+09, 16865392
40, 1.69170694065631008e+09, 16865392
40, 1.69170696065648890e+09, 16865392
40, 1.69170698065667796e+09, 16865392
40, 1.69170700065686011e+09, 16865408
40, 1.69170702065703201e+09, 16865408
41, 1.69170686065552306e+09, 16468980
41, 1.69170688065578389e+09, 16784900
41, 1.69170690065593505e+09, 16784900
41, 1.69170692065609002e+09, 16785060
41, 1.69170694065625596e+09, 16785060
41, 1.69170696065641189e+09, 16785060
41, 1.69170698065658092e+09, 16785060
41, 1.69170700065675211e+09, 16785060
41, 1.69170702065691710e+09, 16785076
42, 1.69170686065544701e+09, 16475776
42, 1.69170688065578508e+09, 16791844
42, 1.69170690065594006e+09, 16791844
42, 1.69170692065610600e+09, 16791844
42, 1.69170694065630293e+09, 16791844
42, 1.69170696065649199e+09, 16791844
42, 1.69170698065667391e+09, 16791844
42, 1.69170700065684009e+09, 16791860
42, 1.69170702065701890e+09, 16791860
43, 1.69170686065540409e+09, 16470140
43, 1.69170688065572405e+09, 16786196
43, 1.69170690065587807e+09, 16786196
43, 1.69170692065605211e+09, 16786196
43, 1.69170694065621805e+09, 16786196
43, 1.69170696065637803e+09, 16786196
43, 1.69170698065656090e+09, 16786196
43, 1.69170700065674210e+09, 16786212
43, 1.69170702065690303e+09, 16786212
44, 1.69170686065551400e+09, 16462356
44, 1.69170688065584803e+09, 16856572
44, 1.69170690065602398e+09, 16856572
44, 1.69170692065621305e+09, 16856572
44, 1.69170694065641189e+09, 16856572
44, 1.69170696065659308e+09, 16856572
44, 1.69170698065680289e+09, 16856572
44, 1.69170700065698195e+09, 16856588
44, 1.69170702065716004e+09, 16856588
45, 1.69170686065548396e+09, 16419228
45, 1.69170688065583396e+09, 16813444
45, 1.69170690065601802e+09, 16813444
45, 1.69170692065623999e+09, 16813444
45, 1.69170694065643096e+09, 16813444
45, 1.69170696065664005e+09, 16813444
45, 1.69170698065684605e+09, 16813444
45, 1.69170700065705299e+09, 16813460
45, 1.69170702065724993e+09, 16813460
46, 1.69170686065557194e+09, 16420452
46, 1.69170688065594196e+09, 16814704
46, 1.69170690065613294e+09, 16814704
46, 1.69170692065633106e+09, 16814708
46, 1.69170694065655994e+09, 16814708
46, 1.69170696065676808e+09, 16814708
46, 1.69170698065699196e+09, 16814708
46, 1.69170700065719795e+09, 16814724
46, 1.69170702065739489e+09, 16814724
47, 1.69170686065545988e+09, 16461828
47, 1.69170688065583992e+09, 16779984
47, 1.69170690065605497e+09, 16779988
47, 1.69170692065631509e+09, 16779988
47, 1.69170694065653110e+09, 16779988
47, 1.69170696065677595e+09, 16779988
47, 1.69170698065703011e+09, 16779988
47, 1.69170700065728211e+09, 16780004
47, 1.69170702065750003e+09, 16780004
48, 1.69170686065542293e+09, 16465804
48, 1.69170688065568995e+09, 16781720
48, 1.69170690065579391e+09, 16781872
48, 1.69170692065589595e+09, 16781872
48, 1.69170694065599394e+09, 16781872
48, 1.69170696065610504e+09, 16781872
48, 1.69170698065620589e+09, 16781872
48, 1.69170700065631294e+09, 16781888
48, 1.69170702065640903e+09, 16781888
49, 1.69170686065540195e+09, 16472768
49, 1.69170688065570688e+09, 16788836
49, 1.69170690065587401e+09, 16788836
49, 1.69170692065603900e+09, 16788836
49, 1.69170694065623307e+09, 16788836
49, 1.69170696065640306e+09, 16788836
49, 1.69170698065659094e+09, 16788836
49, 1.69170700065676188e+09, 16788852
49, 1.69170702065695906e+09, 16788852
50, 1.69170686065546107e+09, 16464960
50, 1.69170688065575910e+09, 16859164
50, 1.69170690065591502e+09, 16859164
50, 1.69170692065606999e+09, 16859164
50, 1.69170694065625000e+09, 16859164
50, 1.69170696065642405e+09, 16859164
50, 1.69170698065659094e+09, 16859164
50, 1.69170700065676689e+09, 16859180
50, 1.69170702065694189e+09, 16859180
51, 1.69170686065534306e+09, 16471672
51, 1.69170688065564609e+09, 16787744
51, 1.69170690065581608e+09, 16787744
51, 1.69170692065601206e+09, 16787744
51, 1.69170694065617800e+09, 16787744
51, 1.69170696065636611e+09, 16787744
51, 1.69170698065654993e+09, 16787744
51, 1.69170700065674806e+09, 16787760
51, 1.69170702065693903e+09, 16787760
52, 1.69170686065557599e+09, 16471112
52, 1.69170688065590310e+09, 16787196
52, 1.69170690065606403e+09, 16787204
52, 1.69170692065622401e+09, 16787204
52, 1.69170694065640903e+09, 16787204
52, 1.69170696065657210e+09, 16787204
52, 1.69170698065675998e+09, 16787204
52, 1.69170700065692997e+09, 16787220
52, 1.69170702065708804e+09, 16787220
53, 1.69170686065551901e+09, 16462784
53, 1.69170688065585399e+09, 16857004
53, 1.69170690065601707e+09, 16857012
53, 1.69170692065617990e+09, 16857012
53, 1.69170694065637398e+09, 16857012
53, 1.69170696065654302e+09, 16857012
53, 1.69170698065673494e+09, 16857012
53, 1.69170700065690207e+09, 16857028
53, 1.69170702065708804e+09, 16857028
54, 1.69170686065562606e+09, 16469832
54, 1.69170688065595198e+09, 16785928
54, 1.69170690065611291e+09, 16785928
54, 1.69170692065628195e+09, 16785928
54, 1.69170694065648198e+09, 16785928
54, 1.69170696065664506e+09, 16785928
54, 1.69170698065682602e+09, 16785928
54, 1.69170700065699005e+09, 16785944
54, 1.69170702065718293e+09, 16785944
55, 1.69170686065544105e+09, 16469676
55, 1.69170688065578294e+09, 16785772
55, 1.69170690065594912e+09, 16785772
55, 1.69170692065611410e+09, 16785776
55, 1.69170694065630698e+09, 16785776
55, 1.69170696065647602e+09, 16785776
55, 1.69170698065665507e+09, 16785776
55, 1.69170700065683198e+09, 16785792
55, 1.69170702065699697e+09, 16785792
56, 1.69170686065556693e+09, 16467192
56, 1.69170688065587091e+09, 16861252
56, 1.69170690065601707e+09, 16861252
56, 1.69170692065617204e+09, 16861412
56, 1.69170694065634799e+09, 16861412
56, 1.69170696065654707e+09, 16861412
56, 1.69170698065669203e+09, 16861412
56, 1.69170700065682292e+09, 16861428
56, 1.69170702065697694e+09, 16861428
57, 1.69170686065553093e+09, 16467624
57, 1.69170688065591788e+09, 16861852
57, 1.69170690065612698e+09, 16861852
57, 1.69170692065634203e+09, 16861852
57, 1.69170694065656400e+09, 16861852
57, 1.69170696065679693e+09, 16861852
57, 1.69170698065700197e+09, 16861852
57, 1.69170700065722895e+09, 16861868
57, 1.69170702065744805e+09, 16861868
58, 1.69170686065551591e+09, 16466144
58, 1.69170688065586591e+09, 16860224
58, 1.69170690065603709e+09, 16860224
58, 1.69170692065621805e+09, 16860388
58, 1.69170694065642905e+09, 16860388
58, 1.69170696065665293e+09, 16860388
58, 1.69170698065690398e+09, 16860388
58, 1.69170700065710497e+09, 16860404
58, 1.69170702065733504e+09, 16860404
59, 1.69170686065552306e+09, 16466912
59, 1.69170688065586209e+09, 16861124
59, 1.69170690065604401e+09, 16861124
59, 1.69170692065623498e+09, 16861124
59, 1.69170694065643311e+09, 16861124
59, 1.69170696065664101e+09, 16861124
59, 1.69170698065686488e+09, 16861124
59, 1.69170700065704107e+09, 16861140
59, 1.69170702065725493e+09, 16861140
60, 1.69170686065544891e+09, 16462576
60, 1.69170688065576601e+09, 16856784
60, 1.69170690065593505e+09, 16856784
60, 1.69170692065613198e+09, 16856784
60, 1.69170694065632010e+09, 16856784
60, 1.69170696065648508e+09, 16856784
60, 1.69170698065666008e+09, 16856784
60, 1.69170700065683198e+09, 16856800
60, 1.69170702065699601e+09, 16856800
61, 1.69170686065548706e+09, 16471244
61, 1.69170688065582395e+09, 16787352
61, 1.69170690065598392e+09, 16787352
61, 1.69170692065613198e+09, 16787352
61, 1.69170694065631008e+09, 16787352
61, 1.69170696065646410e+09, 16787352
61, 1.69170698065663409e+09, 16787352
61, 1.69170700065676808e+09, 16787368
61, 1.69170702065693402e+09, 16787368
62, 1.69170686065555692e+09, 16462396
62, 1.69170688065581703e+09, 16856604
62, 1.69170690065598702e+09, 16856604
62, 1.69170692065617108e+09, 16856604
62, 1.69170694065635300e+09, 16856604
62, 1.69170696065650797e+09, 16856604
62, 1.69170698065669894e+09, 16856604
62, 1.69170700065686798e+09, 16856620
62, 1.69170702065702891e+09, 16856620
63, 1.69170686065561008e+09, 16463776
63, 1.69170688065593600e+09, 16857828
63, 1.69170690065611291e+09, 16857828
63, 1.69170692065626311e+09, 16857988
63, 1.69170694065643597e+09, 16857988
63, 1.69170696065659499e+09, 16857988
63, 1.69170698065676188e+09, 16857988
63, 1.69170700065691805e+09, 16858004
63, 1.69170702065709805e+09, 16858004
64, 1.69170686065555310e+09, 16460516
64, 1.69170688065587306e+09, 16854704
64, 1.69170690065599799e+09, 16854712
64, 1.69170692065620208e+09, 16854712
64, 1.69170694065641904e+09, 16854712
64, 1.69170696065660405e+09, 16854712
64, 1.69170698065684795e+09, 16854712
64, 1.69170700065703011e+09, 16854728
64, 1.69170702065723801e+09, 16854728
65, 1.69170686065550995e+09, 16463120
65, 1.69170688065584111e+09, 16857348
65, 1.69170690065600109e+09, 16857348
65, 1.69170692065616012e+09, 16857348
65, 1.69170694065634799e+09, 16857348
65, 1.69170696065651703e+09, 16857348
65, 1.69170698065671492e+09, 16857348
65, 1.69170700065689898e+09, 16857364
65, 1.69170702065706611e+09, 16857364
66, 1.69170686065546298e+09, 16461960
66, 1.69170688065577888e+09, 16856004
66, 1.69170690065592504e+09, 16856004
66, 1.69170692065608001e+09, 16856172
66, 1.69170694065622401e+09, 16856172
66, 1.69170696065637589e+09, 16856172
66, 1.69170698065652990e+09, 16856172
66, 1.69170700065668988e+09, 16856188
66, 1.69170702065685201e+09, 16856188
67, 1.69170686065542698e+09, 16418676
67, 1.69170688065574503e+09, 16812752
67, 1.69170690065588999e+09, 16812752
67, 1.69170692065603709e+09, 16812920
67, 1.69170694065621209e+09, 16812920
67, 1.69170696065636706e+09, 16812920
67, 1.69170698065652490e+09, 16812920
67, 1.69170700065670800e+09, 16812936
67, 1.69170702065686297e+09, 16812936
68, 1.69170686065549397e+09, 16471256
68, 1.69170688065580606e+09, 16787192
68, 1.69170690065596390e+09, 16787344
68, 1.69170692065613389e+09, 16787344
68, 1.69170694065629005e+09, 16787344
68, 1.69170696065648603e+09, 16787344
68, 1.69170698065667391e+09, 16787344
68, 1.69170700065682602e+09, 16787360
68, 1.69170702065699410e+09, 16787360
69, 1.69170686065560794e+09, 16468064
69, 1.69170688065592194e+09, 16784140
69, 1.69170690065608907e+09, 16784140
69, 1.69170692065626502e+09, 16784140
69, 1.69170694065644598e+09, 16784140
69, 1.69170696065661407e+09, 16784140
69, 1.69170698065680504e+09, 16784140
69, 1.69170700065696692e+09, 16784156
69, 1.69170702065714598e+09, 16784156
70, 1.69170686065554094e+09, 16462668
70, 1.69170688065587807e+09, 16856892
70, 1.69170690065602112e+09, 16856892
70, 1.69170692065618992e+09, 16856892
70, 1.69170694065634704e+09, 16856892
70, 1.69170696065651989e+09, 16856892
70, 1.69170698065667510e+09, 16856892
70, 1.69170700065684104e+09, 16856908
70, 1.69170702065700793e+09, 16856908
71, 1.69170686065542793e+09, 16461712
71, 1.69170688065573406e+09, 16855940
71, 1.69170690065590000e+09, 16855944
71, 1.69170692065609694e+09, 16855944
71, 1.69170694065624905e+09, 16855944
71, 1.69170696065639305e+09, 16855944
71, 1.69170698065652394e+09, 16855944
71, 1.69170700065666008e+09, 16855960
71, 1.69170702065680099e+09, 16855960
72, 1.69170686065555191e+09, 16463272
72, 1.69170688065580797e+09, 16857472
72, 1.69170690065595698e+09, 16857472
72, 1.69170692065610409e+09, 16857476
72, 1.69170694065627599e+09, 16857476
72, 1.69170696065643191e+09, 16857476
72, 1.69170698065658593e+09, 16857476
72, 1.69170700065673804e+09, 16857492
72, 1.69170702065687799e+09, 16857492
73, 1.69170686065550900e+09, 16462788
73, 1.69170688065582204e+09, 16857000
73, 1.69170690065597606e+09, 16857008
73, 1.69170692065610099e+09, 16857008
73, 1.69170694065628409e+09, 16857008
73, 1.69170696065646195e+09, 16857008
73, 1.69170698065662789e+09, 16857008
73, 1.69170700065675306e+09, 16857024
73, 1.69170702065692496e+09, 16857024
74, 1.69170686065544009e+09, 16462444
74, 1.69170688065577602e+09, 16856524
74, 1.69170690065591311e+09, 16856680
74, 1.69170692065605092e+09, 16856688
74, 1.69170694065622211e+09, 16856688
74, 1.69170696065639091e+09, 16856688
74, 1.69170698065653992e+09, 16856688
74, 1.69170700065669703e+09, 16856704
74, 1.69170702065684605e+09, 16856704
75, 1.69170686065559196e+09, 16462216
75, 1.69170688065591407e+09, 16856420
75, 1.69170690065606904e+09, 16856420
75, 1.69170692065622902e+09, 16856428
75, 1.69170694065643311e+09, 16856428
75, 1.69170696065659595e+09, 16856428
75, 1.69170698065676689e+09, 16856428
75, 1.69170700065694690e+09, 16856444
75, 1.69170702065711403e+09, 16856444
76, 1.69170686065556407e+09, 16463024
76, 1.69170688065587401e+09, 16857060
76, 1.69170690065603590e+09, 16857212
76, 1.69170692065621996e+09, 16857212
76, 1.69170694065638900e+09, 16857216
76, 1.69170696065657592e+09, 16857216
76, 1.69170698065674090e+09, 16857216
76, 1.69170700065691495e+09, 16857232
76, 1.69170702065708804e+09, 16857232
77, 1.69170686065551209e+09, 16470104
77, 1.69170688065583301e+09, 16786048
77, 1.69170690065599394e+09, 16786204
77, 1.69170692065618992e+09, 16786204
77, 1.69170694065636301e+09, 16786212
77, 1.69170696065653300e+09, 16786212
77, 1.69170698065674210e+09, 16786212
77, 1.69170700065691710e+09, 16786228
77, 1.69170702065709591e+09, 16786228
78, 1.69170686065562701e+09, 16464800
78, 1.69170688065595698e+09, 16859044
78, 1.69170690065612411e+09, 16859048
78, 1.69170692065628409e+09, 16859056
78, 1.69170694065645599e+09, 16859056
78, 1.69170696065661907e+09, 16859056
78, 1.69170698065679097e+09, 16859056
78, 1.69170700065692306e+09, 16859072
78, 1.69170702065706396e+09, 16859072
79, 1.69170686065548611e+09, 16462800
79, 1.69170688065583897e+09, 16857084
79, 1.69170690065600395e+09, 16857240
79, 1.69170692065620208e+09, 16857240
79, 1.69170694065637589e+09, 16857248
79, 1.69170696065656090e+09, 16857248
79, 1.69170698065676498e+09, 16857248
79, 1.69170700065694499e+09, 16857264
79, 1.69170702065712905e+09, 16857264
80, 1.69170686065563893e+09, 16462336
80, 1.69170688065602899e+09, 16856856
80, 1.69170690065622711e+09, 16856856
80, 1.69170692065647411e+09, 16856856
80, 1.69170694065667605e+09, 16856856
80, 1.69170696065689111e+09, 16856856
80, 1.69170698065712190e+09, 16856856
80, 1.69170700065733790e+09, 16856872
80, 1.69170702065753889e+09, 16856872
81, 1.69170686065558910e+09, 16463404
81, 1.69170688065596104e+09, 16857608
81, 1.69170690065617204e+09, 16857608
81, 1.69170692065640593e+09, 16857608
81, 1.69170694065664792e+09, 16857608
81, 1.69170696065687609e+09, 16857608
81, 1.69170698065713811e+09, 16857608
81, 1.69170700065736389e+09, 16857624
81, 1.69170702065760589e+09, 16857624
82, 1.69170686065552092e+09, 16462564
82, 1.69170688065585709e+09, 16856764
82, 1.69170690065603805e+09, 16856764
82, 1.69170692065622997e+09, 16856764
82, 1.69170694065645790e+09, 16856764
82, 1.69170696065662193e+09, 16856764
82, 1.69170698065683198e+09, 16856764
82, 1.69170700065702701e+09, 16856780
82, 1.69170702065721107e+09, 16856780
83, 1.69170686065547609e+09, 16462628
83, 1.69170688065581799e+09, 16856848
83, 1.69170690065601802e+09, 16856848
83, 1.69170692065621400e+09, 16856852
83, 1.69170694065645409e+09, 16856852
83, 1.69170696065666795e+09, 16856852
83, 1.69170698065687799e+09, 16856852
83, 1.69170700065708494e+09, 16856868
83, 1.69170702065729189e+09, 16856868
84, 1.69170686065555096e+09, 16464180
84, 1.69170688065588689e+09, 16858388
84, 1.69170690065605497e+09, 16858388
84, 1.69170692065623808e+09, 16858396
84, 1.69170694065640593e+09, 16858396
84, 1.69170696065657401e+09, 16858396
84, 1.69170698065675402e+09, 16858396
84, 1.69170700065691996e+09, 16858412
84, 1.69170702065709305e+09, 16858412
85, 1.69170686065550089e+09, 16471548
85, 1.69170688065587306e+09, 16787476
85, 1.69170690065604305e+09, 16787632
85, 1.69170692065623093e+09, 16787640
85, 1.69170694065640593e+09, 16787640
85, 1.69170696065659595e+09, 16787640
85, 1.69170698065677810e+09, 16787640
85, 1.69170700065696192e+09, 16787656
85, 1.69170702065713406e+09, 16787656
86, 1.69170686065544009e+09, 16471668
86, 1.69170688065577197e+09, 16787624
86, 1.69170690065592909e+09, 16787784
86, 1.69170692065610695e+09, 16787792
86, 1.69170694065627098e+09, 16787792
86, 1.69170696065643096e+09, 16787792
86, 1.69170698065660810e+09, 16787792
86, 1.69170700065675092e+09, 16787808
86, 1.69170702065692091e+09, 16787808
87, 1.69170686065559101e+09, 16470676
87, 1.69170688065591002e+09, 16786748
87, 1.69170690065608311e+09, 16786748
87, 1.69170692065628910e+09, 16786756
87, 1.69170694065647292e+09, 16786756
87, 1.69170696065666509e+09, 16786756
87, 1.69170698065686488e+09, 16786756
87, 1.69170700065705204e+09, 16786772
87, 1.69170702065723300e+09, 16786772
88, 1.69170686065543199e+09, 16463896
88, 1.69170688065577006e+09, 16858116
88, 1.69170690065594697e+09, 16858120
88, 1.69170692065611410e+09, 16858120
88, 1.69170694065629411e+09, 16858120
88, 1.69170696065647292e+09, 16858120
88, 1.69170698065665197e+09, 16858120
88, 1.69170700065682101e+09, 16858136
88, 1.69170702065699697e+09, 16858136
89, 1.69170686065554500e+09, 16467648
89, 1.69170688065589499e+09, 16783744
89, 1.69170690065606499e+09, 16783744
89, 1.69170692065624404e+09, 16783744
89, 1.69170694065642905e+09, 16783744
89, 1.69170696065661502e+09, 16783744
89, 1.69170698065681505e+09, 16783744
89, 1.69170700065699100e+09, 16783760
89, 1.69170702065717411e+09, 16783760
90, 1.69170686065547109e+09, 16462264
90, 1.69170688065575099e+09, 16856508
90, 1.69170690065592289e+09, 16856508
90, 1.69170692065609789e+09, 16856508
90, 1.69170694065628290e+09, 16856508
90, 1.69170696065645504e+09, 16856508
90, 1.69170698065665102e+09, 16856508
90, 1.69170700065682507e+09, 16856524
90, 1.69170702065700793e+09, 16856524
91, 1.69170686065550709e+09, 16417560
91, 1.69170688065583396e+09, 16811784
91, 1.69170690065600300e+09, 16811784
91, 1.69170692065619493e+09, 16811784
91, 1.69170694065639210e+09, 16811784
91, 1.69170696065662098e+09, 16811784
91, 1.69170698065684700e+09, 16811784
91, 1.69170700065705705e+09, 16811800
91, 1.69170702065725899e+09, 16811800
92, 1.69170686065556502e+09, 16415000
92, 1.69170688065587807e+09, 16809232
92, 1.69170690065603709e+09, 16809232
92, 1.69170692065621996e+09, 16809232
92, 1.69170694065640092e+09, 16809232
92, 1.69170696065656996e+09, 16809232
92, 1.69170698065675902e+09, 16809232
92, 1.69170700065693212e+09, 16809248
92, 1.69170702065711403e+09, 16809248
93, 1.69170686065561390e+09, 16463656
93, 1.69170688065593004e+09, 16857892
93, 1.69170690065610600e+09, 16857896
93, 1.69170692065629196e+09, 16857896
93, 1.69170694065647006e+09, 16857896
93, 1.69170696065665293e+09, 16857896
93, 1.69170698065684104e+09, 16857896
93, 1.69170700065702605e+09, 16857912
93, 1.69170702065721107e+09, 16857916
94, 1.69170686065545511e+09, 16462636
94, 1.69170688065577507e+09, 16856872
94, 1.69170690065593290e+09, 16856872
94, 1.69170692065611410e+09, 16856872
94, 1.69170694065627789e+09, 16856872
94, 1.69170696065643907e+09, 16856872
94, 1.69170698065661097e+09, 16856872
94, 1.69170700065677905e+09, 16856888
94, 1.69170702065694904e+09, 16856888
95, 1.69170686065550709e+09, 16468064
95, 1.69170688065582705e+09, 16862296
95, 1.69170690065599489e+09, 16862296
95, 1.69170692065618896e+09, 16862296
95, 1.69170694065637398e+09, 16862296
95, 1.69170696065654993e+09, 16862296
95, 1.69170698065674710e+09, 16862296
95, 1.69170700065692401e+09, 16862312
95, 1.69170702065711689e+09, 16862312
96, 1.69170686065552402e+09, 16467220
96, 1.69170688065581799e+09, 16783280
96, 1.69170690065593290e+09, 16783284
96, 1.69170692065612888e+09, 16783292
96, 1.69170694065631390e+09, 16783292
96, 1.69170696065645194e+09, 16783292
96, 1.69170698065667009e+09, 16783292
96, 1.69170700065684509e+09, 16783308
96, 1.69170702065700293e+09, 16783308
97, 1.69170686065552092e+09, 16471092
97, 1.69170688065588498e+09, 16787180
97, 1.69170690065608811e+09, 16787192
97, 1.69170692065633011e+09, 16787192
97, 1.69170694065654707e+09, 16787192
97, 1.69170696065675402e+09, 16787192
97, 1.69170698065698695e+09, 16787192
97, 1.69170700065720606e+09, 16787208
97, 1.69170702065742493e+09, 16787208
98, 1.69170686065544701e+09, 16470876
98, 1.69170688065579200e+09, 16786948
98, 1.69170690065596604e+09, 16786964
98, 1.69170692065616798e+09, 16786964
98, 1.69170694065633202e+09, 16786964
98, 1.69170696065649700e+09, 16786964
98, 1.69170698065670490e+09, 16786964
98, 1.69170700065690303e+09, 16786980
98, 1.69170702065706611e+09, 16786980
99, 1.69170686065557790e+09, 16464872
99, 1.69170688065590501e+09, 16858916
99, 1.69170690065609097e+09, 16858916
99, 1.69170692065631008e+09, 16859088
99, 1.69170694065649700e+09, 16859088
99, 1.69170696065669298e+09, 16859088
99, 1.69170698065690804e+09, 16859088
99, 1.69170700065711308e+09, 16859104
99, 1.69170702065729308e+09, 16859104
100, 1.69170686065552092e+09, 16473728
100, 1.69170688065584707e+09, 16789828
100, 1.69170690065599298e+09, 16789828
100, 1.69170692065615392e+09, 16789828
100, 1.69170694065630889e+09, 16789828
100, 1.69170696065645409e+09, 16789828
100, 1.69170698065661192e+09, 16789828
100, 1.69170700065674901e+09, 16789844
100, 1.69170702065689206e+09, 16789844
101, 1.69170686065549111e+09, 16464244
101, 1.69170688065577698e+09, 16858476
101, 1.69170690065592909e+09, 16858476
101, 1.69170692065611601e+09, 16858476
101, 1.69170694065628505e+09, 16858476
101, 1.69170696065646791e+09, 16858476
101, 1.69170698065663409e+09, 16858476
101, 1.69170700065681291e+09, 16858492
101, 1.69170702065695095e+09, 16858492
102, 1.69170686065544701e+09, 16472372
102, 1.69170688065575504e+09, 16788452
102, 1.69170690065591502e+09, 16788452
102, 1.69170692065607905e+09, 16788452
102, 1.69170694065626693e+09, 16788452
102, 1.69170696065642905e+09, 16788452
102, 1.69170698065658998e+09, 16788452
102, 1.69170700065671897e+09, 16788468
102, 1.69170702065688801e+09, 16788468
103, 1.69170686065540695e+09, 16470924
103, 1.69170688065565610e+09, 16787000
103, 1.69170690065582299e+09, 16787000
103, 1.69170692065596199e+09, 16787000
103, 1.69170694065607905e+09, 16787000
103, 1.69170696065619898e+09, 16787000
103, 1.69170698065633106e+09, 16787000
103, 1.69170700065644407e+09, 16787016
103, 1.69170702065656590e+09, 16787016
104, 1.69170686065553308e+09, 16469160
104, 1.69170688065592003e+09, 16785236
104, 1.69170690065613198e+09, 16785236
104, 1.69170692065634704e+09, 16785236
104, 1.69170694065658689e+09, 16785236
104, 1.69170696065678811e+09, 16785236
104, 1.69170698065700102e+09, 16785236
104, 1.69170700065724301e+09, 16785252
104, 1.69170702065746593e+09, 16785252
105, 1.69170686065565896e+09, 16469892
105, 1.69170688065600801e+09, 16785976
105, 1.69170690065619111e+09, 16785976
105, 1.69170692065638089e+09, 16785976
105, 1.69170694065662098e+09, 16785976
105, 1.69170696065684605e+09, 16785976
105, 1.69170698065709496e+09, 16785976
105, 1.69170700065731812e+09, 16785992
105, 1.69170702065755391e+09, 16785992
106, 1.69170686065558696e+09, 16462372
106, 1.69170688065591693e+09, 16856584
106, 1.69170690065609097e+09, 16856584
106, 1.69170692065626001e+09, 16856584
106, 1.69170694065647197e+09, 16856584
106, 1.69170696065666699e+09, 16856584
106, 1.69170698065686703e+09, 16856584
106, 1.69170700065705299e+09, 16856600
106, 1.69170702065725207e+09, 16856600
107, 1.69170686065545106e+09, 16471752
107, 1.69170688065579104e+09, 16787668
107, 1.69170690065597391e+09, 16787668
107, 1.69170692065615702e+09, 16787828
107, 1.69170694065639305e+09, 16787828
107, 1.69170696065659094e+09, 16787828
107, 1.69170698065680408e+09, 16787828
107, 1.69170700065701389e+09, 16787828
107, 1.69170702065721297e+09, 16787844
108, 1.69170686065553689e+09, 16464636
108, 1.69170688065587592e+09, 16858828
108, 1.69170690065603590e+09, 16858828
108, 1.69170692065617990e+09, 16858828
108, 1.69170694065634203e+09, 16858828
108, 1.69170696065651011e+09, 16858828
108, 1.69170698065667200e+09, 16858828
108, 1.69170700065683699e+09, 16858844
108, 1.69170702065699291e+09, 16858844
109, 1.69170686065538597e+09, 16462660
109, 1.69170688065570807e+09, 16856860
109, 1.69170690065587091e+09, 16856860
109, 1.69170692065607691e+09, 16856860
109, 1.69170694065624595e+09, 16856860
109, 1.69170696065643191e+09, 16856860
109, 1.69170698065661192e+09, 16856860
109, 1.69170700065679407e+09, 16856876
109, 1.69170702065696311e+09, 16856876
110, 1.69170686065551209e+09, 16469896
110, 1.69170688065581608e+09, 16785944
110, 1.69170690065597606e+09, 16785944
110, 1.69170692065611005e+09, 16785944
110, 1.69170694065625691e+09, 16785944
110, 1.69170696065642190e+09, 16785944
110, 1.69170698065658307e+09, 16785944
110, 1.69170700065674210e+09, 16785960
110, 1.69170702065689206e+09, 16785960
111, 1.69170686065545893e+09, 16470608
111, 1.69170688065577793e+09, 16786700
111, 1.69170690065594101e+09, 16786700
111, 1.69170692065612292e+09, 16786700
111, 1.69170694065628910e+09, 16786700
111, 1.69170696065647197e+09, 16786700
111, 1.69170698065666699e+09, 16786700
111, 1.69170700065683293e+09, 16786716
111, 1.69170702065700197e+09, 16786716
112, 1.69170686065551305e+09, 16473920
112, 1.69170688065581703e+09, 16789984
112, 1.69170690065597510e+09, 16789984
112, 1.69170692065610790e+09, 16789984
112, 1.69170694065626693e+09, 16789984
112, 1.69170696065638399e+09, 16789984
112, 1.69170698065656710e+09, 16789984
112, 1.69170700065672112e+09, 16790000
112, 1.69170702065688992e+09, 16790000
113, 1.69170686065548301e+09, 16470868
113, 1.69170688065578198e+09, 16786932
113, 1.69170690065594196e+09, 16786932
113, 1.69170692065610790e+09, 16786932
113, 1.69170694065630603e+09, 16786932
113, 1.69170696065647602e+09, 16786932
113, 1.69170698065666103e+09, 16786932
113, 1.69170700065683389e+09, 16786948
113, 1.69170702065701199e+09, 16786948
114, 1.69170686065545607e+09, 16470104
114, 1.69170688065575695e+09, 16786180
114, 1.69170690065590692e+09, 16786180
114, 1.69170692065606594e+09, 16786180
114, 1.69170694065625310e+09, 16786180
114, 1.69170696065637994e+09, 16786180
114, 1.69170698065654397e+09, 16786180
114, 1.69170700065672302e+09, 16786196
114, 1.69170702065688992e+09, 16786196
115, 1.69170686065541410e+09, 16470140
115, 1.69170688065571499e+09, 16786200
115, 1.69170690065588307e+09, 16786200
115, 1.69170692065605092e+09, 16786200
115, 1.69170694065625310e+09, 16786200
115, 1.69170696065642595e+09, 16786200
115, 1.69170698065661812e+09, 16786200
115, 1.69170700065679908e+09, 16786216
115, 1.69170702065698195e+09, 16786216
116, 1.69170686065543008e+09, 16461896
116, 1.69170688065571809e+09, 16855960
116, 1.69170690065588093e+09, 16855960
116, 1.69170692065603590e+09, 16856112
116, 1.69170694065621400e+09, 16856112
116, 1.69170696065637589e+09, 16856112
116, 1.69170698065654802e+09, 16856116
116, 1.69170700065668702e+09, 16856132
116, 1.69170702065686107e+09, 16856136
117, 1.69170686065548205e+09, 16472920
117, 1.69170688065582895e+09, 16789000
117, 1.69170690065598989e+09, 16789000
117, 1.69170692065615296e+09, 16789000
117, 1.69170694065634608e+09, 16789000
117, 1.69170696065651488e+09, 16789000
117, 1.69170698065669799e+09, 16789000
117, 1.69170700065687704e+09, 16789016
117, 1.69170702065704608e+09, 16789016
118, 1.69170686065561104e+09, 16469500
118, 1.69170688065594697e+09, 16785588
118, 1.69170690065613508e+09, 16785588
118, 1.69170692065631390e+09, 16785588
118, 1.69170694065652299e+09, 16785588
118, 1.69170696065672207e+09, 16785588
118, 1.69170698065691590e+09, 16785588
118, 1.69170700065709805e+09, 16785604
118, 1.69170702065729499e+09, 16785604
119, 1.69170686065555406e+09, 16466568
119, 1.69170688065591097e+09, 16782668
119, 1.69170690065607810e+09, 16782668
119, 1.69170692065626907e+09, 16782668
119, 1.69170694065645003e+09, 16782668
119, 1.69170696065664506e+09, 16782668
119, 1.69170698065683699e+09, 16782668
119, 1.69170700065701604e+09, 16782684
119, 1.69170702065721107e+09, 16782684
120, 1.69170686065559196e+09, 16461252
120, 1.69170688065585589e+09, 16855440
120, 1.69170690065606689e+09, 16855440
120, 1.69170692065623093e+09, 16855448
120, 1.69170694065640593e+09, 16855448
120, 1.69170696065657210e+09, 16855448
120, 1.69170698065674591e+09, 16855448
120, 1.69170700065690589e+09, 16855464
120, 1.69170702065708089e+09, 16855464
121, 1.69170686065555596e+09, 16463400
121, 1.69170688065587902e+09, 16857624
121, 1.69170690065605211e+09, 16857632
121, 1.69170692065623808e+09, 16857632
121, 1.69170694065643001e+09, 16857632
121, 1.69170696065660810e+09, 16857632
121, 1.69170698065680289e+09, 16857632
121, 1.69170700065697908e+09, 16857648
121, 1.69170702065717101e+09, 16857648
122, 1.69170686065545607e+09, 16472580
122, 1.69170688065577888e+09, 16788628
122, 1.69170690065594792e+09, 16788628
122, 1.69170692065611196e+09, 16788636
122, 1.69170694065628600e+09, 16788636
122, 1.69170696065646601e+09, 16788636
122, 1.69170698065664101e+09, 16788636
122, 1.69170700065680194e+09, 16788652
122, 1.69170702065697193e+09, 16788652
123, 1.69170686065549111e+09, 16462156
123, 1.69170688065581989e+09, 16856360
123, 1.69170690065601897e+09, 16856360
123, 1.69170692065619206e+09, 16856364
123, 1.69170694065638494e+09, 16856364
123, 1.69170696065656495e+09, 16856364
123, 1.69170698065676308e+09, 16856364
123, 1.69170700065694499e+09, 16856380
123, 1.69170702065713406e+09, 16856380
124, 1.69170686065552497e+09, 16464916
124, 1.69170688065586400e+09, 16859132
124, 1.69170690065603709e+09, 16859132
124, 1.69170692065619302e+09, 16859136
124, 1.69170694065636706e+09, 16859136
124, 1.69170696065653801e+09, 16859136
124, 1.69170698065669489e+09, 16859136
124, 1.69170700065686893e+09, 16859152
124, 1.69170702065702891e+09, 16859152
125, 1.69170686065541601e+09, 16470596
125, 1.69170688065575194e+09, 16786684
125, 1.69170690065593505e+09, 16786684
125, 1.69170692065610194e+09, 16786684
125, 1.69170694065628099e+09, 16786684
125, 1.69170696065646696e+09, 16786684
125, 1.69170698065664697e+09, 16786684
125, 1.69170700065682507e+09, 16786700
125, 1.69170702065699601e+09, 16786700
126, 1.69170686065550590e+09, 16469572
126, 1.69170688065583491e+09, 16785652
126, 1.69170690065597701e+09, 16785652
126, 1.69170692065612411e+09, 16785652
126, 1.69170694065628505e+09, 16785652
126, 1.69170696065645099e+09, 16785652
126, 1.69170698065661311e+09, 16785652
126, 1.69170700065677500e+09, 16785668
126, 1.69170702065695095e+09, 16785668
127, 1.69170686065545797e+09, 16461820
127, 1.69170688065579796e+09, 16856052
127, 1.69170690065596890e+09, 16856052
127, 1.69170692065614200e+09, 16856052
127, 1.69170694065630889e+09, 16856052
127, 1.69170696065650606e+09, 16856052
127, 1.69170698065668392e+09, 16856052
127, 1.69170700065687490e+09, 16856068
127, 1.69170702065703797e+09, 16856068
128, 1.69170686065547895e+09, 16461412
128, 1.69170688065581012e+09, 16855628
128, 1.69170690065594912e+09, 16855628
128, 1.69170692065613103e+09, 16855628
128, 1.69170694065628409e+09, 16855628
128, 1.69170696065640712e+09, 16855628
128, 1.69170698065653896e+09, 16855628
128, 1.69170700065669489e+09, 16855644
128, 1.69170702065683293e+09, 16855644
129, 1.69170686065539408e+09, 16463604
129, 1.69170688065570402e+09, 16857640
129, 1.69170690065586805e+09, 16857792
129, 1.69170692065610409e+09, 16857792
129, 1.69170694065626788e+09, 16857792
129, 1.69170696065645003e+09, 16857792
129, 1.69170698065663099e+09, 16857792
129, 1.69170700065682006e+09, 16857796
129, 1.69170702065699291e+09, 16857808
130, 1.69170686065534210e+09, 16463200
130, 1.69170688065556502e+09, 16857400
130, 1.69170690065570593e+09, 16857408
130, 1.69170692065587306e+09, 16857408
130, 1.69170694065602303e+09, 16857408
130, 1.69170696065614510e+09, 16857408
130, 1.69170698065629292e+09, 16857408
130, 1.69170700065644312e+09, 16857424
130, 1.69170702065652108e+09, 16857424
131, 1.69170686065544009e+09, 16471752
131, 1.69170688065576696e+09, 16787824
131, 1.69170690065593195e+09, 16787824
131, 1.69170692065612006e+09, 16787824
131, 1.69170694065629601e+09, 16787824
131, 1.69170696065647793e+09, 16787824
131, 1.69170698065666389e+09, 16787824
131, 1.69170700065683889e+09, 16787840
131, 1.69170702065701604e+09, 16787840
132, 1.69170686065549707e+09, 16464484
132, 1.69170688065581393e+09, 16858512
132, 1.69170690065598297e+09, 16858664
132, 1.69170692065613890e+09, 16858672
132, 1.69170694065631700e+09, 16858672
132, 1.69170696065648389e+09, 16858672
132, 1.69170698065665507e+09, 16858672
132, 1.69170700065681601e+09, 16858688
132, 1.69170702065698195e+09, 16858688
133, 1.69170686065552807e+09, 16467156
133, 1.69170688065586495e+09, 16783220
133, 1.69170690065604901e+09, 16783220
133, 1.69170692065620899e+09, 16783228
133, 1.69170694065640402e+09, 16783228
133, 1.69170696065657711e+09, 16783228
133, 1.69170698065675306e+09, 16783228
133, 1.69170700065693808e+09, 16783244
133, 1.69170702065710592e+09, 16783244
134, 1.69170686065546799e+09, 16418228
134, 1.69170688065579009e+09, 16812420
134, 1.69170690065594792e+09, 16812420
134, 1.69170692065611291e+09, 16812428
134, 1.69170694065627599e+09, 16812428
134, 1.69170696065644193e+09, 16812428
134, 1.69170698065660810e+09, 16812428
134, 1.69170700065676689e+09, 16812444
134, 1.69170702065694189e+09, 16812444
135, 1.69170686065541792e+09, 16419304
135, 1.69170688065572000e+09, 16813516
135, 1.69170690065588307e+09, 16813520
135, 1.69170692065607190e+09, 16813520
135, 1.69170694065626502e+09, 16813520
135, 1.69170696065643811e+09, 16813520
135, 1.69170698065662003e+09, 16813520
135, 1.69170700065678692e+09, 16813536
135, 1.69170702065696907e+09, 16813536
136, 1.69170686065551996e+09, 16435136
136, 1.69170688065585303e+09, 16829356
136, 1.69170690065602803e+09, 16829356
136, 1.69170692065621495e+09, 16829356
136, 1.69170694065637803e+09, 16829356
136, 1.69170696065652895e+09, 16829356
136, 1.69170698065669608e+09, 16829356
136, 1.69170700065686202e+09, 16829372
136, 1.69170702065702105e+09, 16829372
137, 1.69170686065547895e+09, 16419396
137, 1.69170688065578389e+09, 16813620
137, 1.69170690065595198e+09, 16813620
137, 1.69170692065615606e+09, 16813620
137, 1.69170694065632010e+09, 16813620
137, 1.69170696065645790e+09, 16813620
137, 1.69170698065664506e+09, 16813620
137, 1.69170700065683389e+09, 16813636
137, 1.69170702065702701e+09, 16813636
138, 1.69170686065544891e+09, 16468896
138, 1.69170688065579104e+09, 16784996
138, 1.69170690065593410e+09, 16784996
138, 1.69170692065608692e+09, 16784996
138, 1.69170694065623689e+09, 16784996
138, 1.69170696065638709e+09, 16784996
138, 1.69170698065654802e+09, 16784996
138, 1.69170700065667200e+09, 16785012
138, 1.69170702065683198e+09, 16785012
139, 1.69170686065540504e+09, 16456232
139, 1.69170688065571189e+09, 16850480
139, 1.69170690065586996e+09, 16850480
139, 1.69170692065605998e+09, 16850480
139, 1.69170694065623093e+09, 16850480
139, 1.69170696065641999e+09, 16850480
139, 1.69170698065656304e+09, 16850480
139, 1.69170700065673709e+09, 16850496
139, 1.69170702065687108e+09, 16850496
140, 1.69170686065550900e+09, 16415508
140, 1.69170688065585208e+09, 16809500
140, 1.69170690065601206e+09, 16809500
140, 1.69170692065616798e+09, 16809652
140, 1.69170694065634704e+09, 16809652
140, 1.69170696065651107e+09, 16809652
140, 1.69170698065668702e+09, 16809652
140, 1.69170700065685201e+09, 16809668
140, 1.69170702065702510e+09, 16809668
141, 1.69170686065541291e+09, 16463280
141, 1.69170688065579200e+09, 16857480
141, 1.69170690065596199e+09, 16857480
141, 1.69170692065613198e+09, 16857488
141, 1.69170694065632606e+09, 16857488
141, 1.69170696065650105e+09, 16857488
141, 1.69170698065669608e+09, 16857488
141, 1.69170700065687895e+09, 16857504
141, 1.69170702065706801e+09, 16857504
142, 1.69170686065545797e+09, 16467860
142, 1.69170688065576410e+09, 16783940
142, 1.69170690065592694e+09, 16783940
142, 1.69170692065608406e+09, 16783940
142, 1.69170694065626311e+09, 16783940
142, 1.69170696065642905e+09, 16783940
142, 1.69170698065660596e+09, 16783940
142, 1.69170700065677691e+09, 16783956
142, 1.69170702065696001e+09, 16783956
143, 1.69170686065554690e+09, 16465236
143, 1.69170688065588188e+09, 16859448
143, 1.69170690065607905e+09, 16859452
143, 1.69170692065626097e+09, 16859452
143, 1.69170694065643191e+09, 16859452
143, 1.69170696065661907e+09, 16859452
143, 1.69170698065681791e+09, 16859452
143, 1.69170700065697098e+09, 16859468
143, 1.69170702065715003e+09, 16859468
144, 1.69170686065548396e+09, 16471800
144, 1.69170688065574503e+09, 16787888
144, 1.69170690065591598e+09, 16787896
144, 1.69170692065607905e+09, 16787896
144, 1.69170694065625405e+09, 16787896
144, 1.69170696065642095e+09, 16787896
144, 1.69170698065658498e+09, 16787896
144, 1.69170700065677905e+09, 16787912
144, 1.69170702065698504e+09, 16787912
145, 1.69170686065545607e+09, 16470220
145, 1.69170688065576601e+09, 16786308
145, 1.69170690065593100e+09, 16786308
145, 1.69170692065609407e+09, 16786312
145, 1.69170694065629292e+09, 16786312
145, 1.69170696065646601e+09, 16786312
145, 1.69170698065666389e+09, 16786312
145, 1.69170700065685511e+09, 16786328
145, 1.69170702065703011e+09, 16786328
146, 1.69170686065555501e+09, 16470932
146, 1.69170688065590811e+09, 16787024
146, 1.69170690065609789e+09, 16787032
146, 1.69170692065626502e+09, 16787032
146, 1.69170694065642905e+09, 16787032
146, 1.69170696065660906e+09, 16787032
146, 1.69170698065678096e+09, 16787032
146, 1.69170700065696001e+09, 16787048
146, 1.69170702065713596e+09, 16787048
147, 1.69170686065541005e+09, 16470656
147, 1.69170688065569091e+09, 16786740
147, 1.69170690065587211e+09, 16786748
147, 1.69170692065604591e+09, 16786748
147, 1.69170694065624809e+09, 16786748
147, 1.69170696065643406e+09, 16786748
147, 1.69170698065662599e+09, 16786748
147, 1.69170700065680289e+09, 16786764
147, 1.69170702065696311e+09, 16786764
148, 1.69170686065557504e+09, 16468984
148, 1.69170688065587401e+09, 16785052
148, 1.69170690065602803e+09, 16785052
148, 1.69170692065617895e+09, 16785052
148, 1.69170694065636301e+09, 16785052
148, 1.69170696065652204e+09, 16785052
148, 1.69170698065668702e+09, 16785052
148, 1.69170700065685606e+09, 16785068
148, 1.69170702065701890e+09, 16785068
149, 1.69170686065546894e+09, 16468104
149, 1.69170688065579391e+09, 16784188
149, 1.69170690065595293e+09, 16784188
149, 1.69170692065607500e+09, 16784192
149, 1.69170694065618896e+09, 16784192
149, 1.69170696065636396e+09, 16784192
149, 1.69170698065654707e+09, 16784192
149, 1.69170700065672207e+09, 16784208
149, 1.69170702065691805e+09, 16784208
150, 1.69170686065542793e+09, 16469012
150, 1.69170688065573812e+09, 16785096
150, 1.69170690065587091e+09, 16785096
150, 1.69170692065597105e+09, 16785096
150, 1.69170694065613198e+09, 16785096
150, 1.69170696065629792e+09, 16785096
150, 1.69170698065648389e+09, 16785096
150, 1.69170700065660691e+09, 16785112
150, 1.69170702065673089e+09, 16785112
151, 1.69170686065554810e+09, 16460552
151, 1.69170688065587711e+09, 16854788
151, 1.69170690065604091e+09, 16854788
151, 1.69170692065622306e+09, 16854788
151, 1.69170694065638900e+09, 16854788
151, 1.69170696065658689e+09, 16854788
151, 1.69170698065677500e+09, 16854788
151, 1.69170700065694904e+09, 16854804
151, 1.69170702065712905e+09, 16854804
152, 1.69170686065549707e+09, 16470324
152, 1.69170688065584993e+09, 16786400
152, 1.69170690065604997e+09, 16786400
152, 1.69170692065627193e+09, 16786400
152, 1.69170694065648890e+09, 16786400
152, 1.69170696065667796e+09, 16786400
152, 1.69170698065690398e+09, 16786400
152, 1.69170700065710497e+09, 16786416
152, 1.69170702065730810e+09, 16786416
153, 1.69170686065551496e+09, 16468000
153, 1.69170688065575695e+09, 16783940
153, 1.69170690065593696e+09, 16784096
153, 1.69170692065615392e+09, 16784096
153, 1.69170694065634990e+09, 16784096
153, 1.69170696065654898e+09, 16784096
153, 1.69170698065676498e+09, 16784096
153, 1.69170700065696597e+09, 16784112
153, 1.69170702065716004e+09, 16784112
154, 1.69170686065596199e+09, 16469060
154, 1.69170688065630007e+09, 16785164
154, 1.69170690065648508e+09, 16785164
154, 1.69170692065667892e+09, 16785164
154, 1.69170694065687490e+09, 16785164
154, 1.69170696065705800e+09, 16785164
154, 1.69170698065725899e+09, 16785164
154, 1.69170700065746593e+09, 16785180
154, 1.69170702065765691e+09, 16785180
155, 1.69170686065595388e+09, 16463492
155, 1.69170688065630507e+09, 16779584
155, 1.69170690065648890e+09, 16779584
155, 1.69170692065670609e+09, 16779584
155, 1.69170694065690303e+09, 16779584
155, 1.69170696065711808e+09, 16779584
155, 1.69170698065732408e+09, 16779584
155, 1.69170700065753794e+09, 16779600
155, 1.69170702065774012e+09, 16779600
156, 1.69170686065548706e+09, 16465192
156, 1.69170688065586090e+09, 16783308
156, 1.69170690065605402e+09, 16783308
156, 1.69170692065624905e+09, 16783308
156, 1.69170694065645289e+09, 16783308
156, 1.69170696065666008e+09, 16783308
156, 1.69170698065685797e+09, 16783308
156, 1.69170700065706801e+09, 16783324
156, 1.69170702065725994e+09, 16783324
157, 1.69170686065552211e+09, 16471000
157, 1.69170688065588999e+09, 16787092
157, 1.69170690065605998e+09, 16787092
157, 1.69170692065625811e+09, 16787092
157, 1.69170694065646005e+09, 16787092
157, 1.69170696065664697e+09, 16787092
157, 1.69170698065684104e+09, 16787092
157, 1.69170700065702009e+09, 16787108
157, 1.69170702065724611e+09, 16787108
158, 1.69170686065542293e+09, 16416636
158, 1.69170688065577292e+09, 16810680
158, 1.69170690065595007e+09, 16810680
158, 1.69170692065612698e+09, 16810832
158, 1.69170694065632391e+09, 16810832
158, 1.69170696065653110e+09, 16810832
158, 1.69170698065671492e+09, 16810832
158, 1.69170700065686297e+09, 16810848
158, 1.69170702065705395e+09, 16810848
159, 1.69170686065541101e+09, 16413272
159, 1.69170688065576601e+09, 16807484
159, 1.69170690065594506e+09, 16807484
159, 1.69170692065613699e+09, 16807484
159, 1.69170694065633893e+09, 16807484
159, 1.69170696065655208e+09, 16807484
159, 1.69170698065676308e+09, 16807484
159, 1.69170700065695190e+09, 16807500
159, 1.69170702065715504e+09, 16807500
160, 1.69170686065563202e+09, 16468904
160, 1.69170688065590191e+09, 16784972
160, 1.69170690065607810e+09, 16784972
160, 1.69170692065622497e+09, 16784972
160, 1.69170694065641499e+09, 16784972
160, 1.69170696065658212e+09, 16784980
160, 1.69170698065676188e+09, 16784980
160, 1.69170700065692902e+09, 16784996
160, 1.69170702065710998e+09, 16784996
161, 1.69170686065557098e+09, 16465228
161, 1.69170688065590596e+09, 16781324
161, 1.69170690065608811e+09, 16781324
161, 1.69170692065627408e+09, 16781324
161, 1.69170694065645695e+09, 16781324
161, 1.69170696065664697e+09, 16781328
161, 1.69170698065684104e+09, 16781328
161, 1.69170700065702295e+09, 16781344
161, 1.69170702065721607e+09, 16781344
162, 1.69170686065550399e+09, 16417780
162, 1.69170688065581489e+09, 16811992
162, 1.69170690065598297e+09, 16811992
162, 1.69170692065614891e+09, 16811992
162, 1.69170694065632105e+09, 16811992
162, 1.69170696065649199e+09, 16812000
162, 1.69170698065666294e+09, 16812000
162, 1.69170700065682292e+09, 16812016
162, 1.69170702065699410e+09, 16812016
163, 1.69170686065545702e+09, 16466380
163, 1.69170688065579009e+09, 16782456
163, 1.69170690065598297e+09, 16782456
163, 1.69170692065617609e+09, 16782456
163, 1.69170694065636396e+09, 16782456
163, 1.69170696065655088e+09, 16782464
163, 1.69170698065674496e+09, 16782464
163, 1.69170700065693903e+09, 16782480
163, 1.69170702065711594e+09, 16782480
164, 1.69170686065560198e+09, 16417196
164, 1.69170688065592098e+09, 16811248
164, 1.69170690065609908e+09, 16811248
164, 1.69170692065625811e+09, 16811400
164, 1.69170694065645790e+09, 16811400
164, 1.69170696065663409e+09, 16811400
164, 1.69170698065682292e+09, 16811400
164, 1.69170700065697503e+09, 16811416
164, 1.69170702065715098e+09, 16811416
165, 1.69170686065551090e+09, 16422372
165, 1.69170688065587902e+09, 16816612
165, 1.69170690065603089e+09, 16816616
165, 1.69170692065620208e+09, 16816616
165, 1.69170694065640092e+09, 16816616
165, 1.69170696065656209e+09, 16816616
165, 1.69170698065674210e+09, 16816616
165, 1.69170700065691996e+09, 16816632
165, 1.69170702065709710e+09, 16816632
166, 1.69170686065549588e+09, 16464072
166, 1.69170688065582299e+09, 16858284
166, 1.69170690065597391e+09, 16858284
166, 1.69170692065612602e+09, 16858284
166, 1.69170694065629911e+09, 16858284
166, 1.69170696065645003e+09, 16858284
166, 1.69170698065661597e+09, 16858284
166, 1.69170700065676999e+09, 16858300
166, 1.69170702065692306e+09, 16858300
167, 1.69170686065553904e+09, 16414020
167, 1.69170688065581608e+09, 16808236
167, 1.69170690065597606e+09, 16808240
167, 1.69170692065613699e+09, 16808240
167, 1.69170694065630698e+09, 16808240
167, 1.69170696065647006e+09, 16808244
167, 1.69170698065664697e+09, 16808244
167, 1.69170700065681291e+09, 16808260
167, 1.69170702065697908e+09, 16808260
168, 1.69170686065545297e+09, 16458736
168, 1.69170688065577698e+09, 16852948
168, 1.69170690065592790e+09, 16852948
168, 1.69170692065609503e+09, 16852948
168, 1.69170694065623212e+09, 16852948
168, 1.69170696065639091e+09, 16852948
168, 1.69170698065653610e+09, 16852948
168, 1.69170700065669799e+09, 16852964
168, 1.69170702065685010e+09, 16852964
169, 1.69170686065556407e+09, 16462992
169, 1.69170688065588689e+09, 16857212
169, 1.69170690065604901e+09, 16857212
169, 1.69170692065623808e+09, 16857212
169, 1.69170694065640211e+09, 16857212
169, 1.69170696065657806e+09, 16857212
169, 1.69170698065675092e+09, 16857212
169, 1.69170700065691590e+09, 16857228
169, 1.69170702065708494e+09, 16857228
170, 1.69170686065552902e+09, 16468184
170, 1.69170688065584898e+09, 16784304
170, 1.69170690065600491e+09, 16784304
170, 1.69170692065617204e+09, 16784304
170, 1.69170694065631890e+09, 16784304
170, 1.69170696065648508e+09, 16784304
170, 1.69170698065664911e+09, 16784304
170, 1.69170700065681601e+09, 16784320
170, 1.69170702065696907e+09, 16784320
171, 1.69170686065544009e+09, 16416856
171, 1.69170688065578103e+09, 16811108
171, 1.69170690065595198e+09, 16811108
171, 1.69170692065612698e+09, 16811108
171, 1.69170694065630388e+09, 16811108
171, 1.69170696065648293e+09, 16811108
171, 1.69170698065666699e+09, 16811108
171, 1.69170700065685296e+09, 16811124
171, 1.69170702065701604e+09, 16811124
172, 1.69170686065542603e+09, 16473244
172, 1.69170688065576005e+09, 16789312
172, 1.69170690065591002e+09, 16789312
172, 1.69170692065608096e+09, 16789312
172, 1.69170694065624404e+09, 16789312
172, 1.69170696065641809e+09, 16789312
172, 1.69170698065657306e+09, 16789312
172, 1.69170700065674090e+09, 16789328
172, 1.69170702065690589e+09, 16789328
173, 1.69170686065550303e+09, 16466548
173, 1.69170688065581894e+09, 16782652
173, 1.69170690065597796e+09, 16782656
173, 1.69170692065614510e+09, 16782656
173, 1.69170694065632701e+09, 16782656
173, 1.69170696065649605e+09, 16782656
173, 1.69170698065666008e+09, 16782656
173, 1.69170700065681601e+09, 16782672
173, 1.69170702065697408e+09, 16782672
174, 1.69170686065555310e+09, 16463880
174, 1.69170688065590501e+09, 16858068
174, 1.69170690065608096e+09, 16858072
174, 1.69170692065628409e+09, 16858072
174, 1.69170694065649295e+09, 16858072
174, 1.69170696065671992e+09, 16858072
174, 1.69170698065694690e+09, 16858072
174, 1.69170700065713000e+09, 16858088
174, 1.69170702065731907e+09, 16858088
175, 1.69170686065548205e+09, 16468440
175, 1.69170688065578890e+09, 16784536
175, 1.69170690065594292e+09, 16784536
175, 1.69170692065610409e+09, 16784536
175, 1.69170694065629697e+09, 16784536
175, 1.69170696065644789e+09, 16784536
175, 1.69170698065661192e+09, 16784536
175, 1.69170700065677595e+09, 16784552
175, 1.69170702065694809e+09, 16784552
176, 1.69170686065555906e+09, 16460856
176, 1.69170688065589190e+09, 16855076
176, 1.69170690065607500e+09, 16855076
176, 1.69170692065623498e+09, 16855076
176, 1.69170694065640593e+09, 16855076
176, 1.69170696065657401e+09, 16855076
176, 1.69170698065674591e+09, 16855076
176, 1.69170700065690207e+09, 16855092
176, 1.69170702065706992e+09, 16855092
177, 1.69170686065552902e+09, 16463368
177, 1.69170688065584803e+09, 16857592
177, 1.69170690065602112e+09, 16857592
177, 1.69170692065620208e+09, 16857592
177, 1.69170694065638900e+09, 16857592
177, 1.69170696065655589e+09, 16857592
177, 1.69170698065675092e+09, 16857592
177, 1.69170700065692401e+09, 16857608
177, 1.69170702065710211e+09, 16857608
178, 1.69170686065547991e+09, 16415892
178, 1.69170688065577412e+09, 16809964
178, 1.69170690065591788e+09, 16809964
178, 1.69170692065606904e+09, 16810128
178, 1.69170694065624094e+09, 16810128
178, 1.69170696065640211e+09, 16810128
178, 1.69170698065655708e+09, 16810128
178, 1.69170700065673804e+09, 16810144
178, 1.69170702065689707e+09, 16810144
179, 1.69170686065545607e+09, 16417276
179, 1.69170688065571499e+09, 16811500
179, 1.69170690065586591e+09, 16811504
179, 1.69170692065601397e+09, 16811504
179, 1.69170694065616202e+09, 16811504
179, 1.69170696065632510e+09, 16811504
179, 1.69170698065645409e+09, 16811504
179, 1.69170700065657711e+09, 16811520
179, 1.69170702065674806e+09, 16811520
180, 1.69170686065557194e+09, 16416492
180, 1.69170688065586710e+09, 16810680
180, 1.69170690065601707e+09, 16810684
180, 1.69170692065619302e+09, 16810684
180, 1.69170694065635395e+09, 16810684
180, 1.69170696065650511e+09, 16810684
180, 1.69170698065667701e+09, 16810684
180, 1.69170700065684605e+09, 16810700
180, 1.69170702065702105e+09, 16810700
181, 1.69170686065543890e+09, 16418444
181, 1.69170688065573311e+09, 16812516
181, 1.69170690065589905e+09, 16812688
181, 1.69170692065608501e+09, 16812688
181, 1.69170694065624809e+09, 16812688
181, 1.69170696065641809e+09, 16812688
181, 1.69170698065660691e+09, 16812688
181, 1.69170700065676808e+09, 16812704
181, 1.69170702065695906e+09, 16812704
182, 1.69170686065549707e+09, 16463188
182, 1.69170688065584707e+09, 16857412
182, 1.69170690065599394e+09, 16857416
182, 1.69170692065614104e+09, 16857416
182, 1.69170694065629792e+09, 16857416
182, 1.69170696065645909e+09, 16857416
182, 1.69170698065662193e+09, 16857416
182, 1.69170700065675211e+09, 16857432
182, 1.69170702065693402e+09, 16857432
183, 1.69170686065554404e+09, 16463628
183, 1.69170688065586209e+09, 16857860
183, 1.69170690065601993e+09, 16857864
183, 1.69170692065621805e+09, 16857864
183, 1.69170694065639210e+09, 16857864
183, 1.69170696065656090e+09, 16857864
183, 1.69170698065673494e+09, 16857864
183, 1.69170700065690398e+09, 16857880
183, 1.69170702065708089e+09, 16857880
184, 1.69170686065550208e+09, 16415124
184, 1.69170688065579605e+09, 16809324
184, 1.69170690065595508e+09, 16809324
184, 1.69170692065613699e+09, 16809324
184, 1.69170694065630889e+09, 16809324
184, 1.69170696065648794e+09, 16809324
184, 1.69170698065666795e+09, 16809324
184, 1.69170700065684509e+09, 16809340
184, 1.69170702065701389e+09, 16809340
185, 1.69170686065545702e+09, 16463744
185, 1.69170688065581012e+09, 16857776
185, 1.69170690065597296e+09, 16857932
185, 1.69170692065617204e+09, 16857932
185, 1.69170694065634394e+09, 16857932
185, 1.69170696065654206e+09, 16857932
185, 1.69170698065671396e+09, 16857932
185, 1.69170700065689611e+09, 16857932
185, 1.69170702065707803e+09, 16857948
186, 1.69170686065537095e+09, 16465140
186, 1.69170688065569496e+09, 16859360
186, 1.69170690065585494e+09, 16859360
186, 1.69170692065603209e+09, 16859360
186, 1.69170694065619707e+09, 16859360
186, 1.69170696065636897e+09, 16859360
186, 1.69170698065653396e+09, 16859360
186, 1.69170700065670204e+09, 16859376
186, 1.69170702065687108e+09, 16859376
187, 1.69170686065541101e+09, 16466048
187, 1.69170688065567398e+09, 16860248
187, 1.69170690065584612e+09, 16860248
187, 1.69170692065605402e+09, 16860248
187, 1.69170694065622997e+09, 16860248
187, 1.69170696065641594e+09, 16860248
187, 1.69170698065659404e+09, 16860248
187, 1.69170700065677905e+09, 16860252
187, 1.69170702065695596e+09, 16860264
188, 1.69170686065539002e+09, 16474836
188, 1.69170688065575600e+09, 16790888
188, 1.69170690065594196e+09, 16790896
188, 1.69170692065617394e+09, 16790896
188, 1.69170694065638089e+09, 16790896
188, 1.69170696065658689e+09, 16790896
188, 1.69170698065679407e+09, 16790896
188, 1.69170700065699601e+09, 16790912
188, 1.69170702065721107e+09, 16790912
189, 1.69170686065549302e+09, 16465192
189, 1.69170688065585208e+09, 16859400
189, 1.69170690065605211e+09, 16859404
189, 1.69170692065629196e+09, 16859404
189, 1.69170694065650797e+09, 16859404
189, 1.69170696065673804e+09, 16859404
189, 1.69170698065696311e+09, 16859404
189, 1.69170700065718102e+09, 16859420
189, 1.69170702065739393e+09, 16859420
190, 1.69170686065536094e+09, 16466016
190, 1.69170688065569592e+09, 16860064
190, 1.69170690065586710e+09, 16860064
190, 1.69170692065607309e+09, 16860224
190, 1.69170694065625906e+09, 16860224
190, 1.69170696065646505e+09, 16860224
190, 1.69170698065665388e+09, 16860224
190, 1.69170700065685391e+09, 16860240
190, 1.69170702065704703e+09, 16860240
191, 1.69170686065541697e+09, 16472816
191, 1.69170688065574503e+09, 16788880
191, 1.69170690065591693e+09, 16788888
191, 1.69170692065611100e+09, 16788888
191, 1.69170694065631294e+09, 16788888
191, 1.69170696065650797e+09, 16788888
191, 1.69170698065670395e+09, 16788888
191, 1.69170700065689802e+09, 16788904
191, 1.69170702065709901e+09, 16788904
192, 1.69170686065553904e+09, 16473084
192, 1.69170688065586090e+09, 16789156
192, 1.69170690065604591e+09, 16789156
192, 1.69170692065620399e+09, 16789156
192, 1.69170694065638399e+09, 16789156
192, 1.69170696065657091e+09, 16789156
192, 1.69170698065676188e+09, 16789156
192, 1.69170700065689802e+09, 16789172
192, 1.69170702065708089e+09, 16789172
193, 1.69170686065551090e+09, 16420476
193, 1.69170688065583396e+09, 16814708
193, 1.69170690065599608e+09, 16814712
193, 1.69170692065614796e+09, 16814712
193, 1.69170694065631199e+09, 16814712
193, 1.69170696065647697e+09, 16814712
193, 1.69170698065664291e+09, 16814712
193, 1.69170700065679312e+09, 16814728
193, 1.69170702065695810e+09, 16814728
194, 1.69170686065548301e+09, 16477320
194, 1.69170688065580297e+09, 16793400
194, 1.69170690065596294e+09, 16793400
194, 1.69170692065612197e+09, 16793400
194, 1.69170694065629911e+09, 16793400
194, 1.69170696065645409e+09, 16793400
194, 1.69170698065663409e+09, 16793400
194, 1.69170700065679312e+09, 16793416
194, 1.69170702065696406e+09, 16793416
195, 1.69170686065544605e+09, 16467308
195, 1.69170688065579009e+09, 16861508
195, 1.69170690065595102e+09, 16861508
195, 1.69170692065610194e+09, 16861508
195, 1.69170694065627503e+09, 16861508
195, 1.69170696065643692e+09, 16861508
195, 1.69170698065660810e+09, 16861508
195, 1.69170700065676999e+09, 16861524
195, 1.69170702065692711e+09, 16861524
196, 1.69170686065557194e+09, 16471648
196, 1.69170688065591788e+09, 16787720
196, 1.69170690065611005e+09, 16787720
196, 1.69170692065628791e+09, 16787720
196, 1.69170694065647411e+09, 16787720
196, 1.69170696065666008e+09, 16787720
196, 1.69170698065684795e+09, 16787720
196, 1.69170700065703201e+09, 16787736
196, 1.69170702065722299e+09, 16787736
197, 1.69170686065552902e+09, 16422268
197, 1.69170688065589595e+09, 16816328
197, 1.69170690065606999e+09, 16816328
197, 1.69170692065624595e+09, 16816328
197, 1.69170694065643001e+09, 16816480
197, 1.69170696065662909e+09, 16816480
197, 1.69170698065681005e+09, 16816480
197, 1.69170700065701103e+09, 16816496
197, 1.69170702065719795e+09, 16816496
198, 1.69170686065544391e+09, 16470508
198, 1.69170688065576196e+09, 16786600
198, 1.69170690065594196e+09, 16786600
198, 1.69170692065610695e+09, 16786600
198, 1.69170694065628290e+09, 16786600
198, 1.69170696065645504e+09, 16786600
198, 1.69170698065663290e+09, 16786600
198, 1.69170700065681005e+09, 16786616
198, 1.69170702065698910e+09, 16786616
199, 1.69170686065548801e+09, 16465500
199, 1.69170688065580010e+09, 16781600
199, 1.69170690065599203e+09, 16781604
199, 1.69170692065616393e+09, 16781608
199, 1.69170694065634108e+09, 16781608
199, 1.69170696065652204e+09, 16781608
199, 1.69170698065670896e+09, 16781608
199, 1.69170700065688205e+09, 16781624
199, 1.69170702065707803e+09, 16781624
200, 1.69170686065557504e+09, 16416384
200, 1.69170688065592790e+09, 16810576
200, 1.69170690065612411e+09, 16810584
200, 1.69170692065629506e+09, 16810584
200, 1.69170694065647292e+09, 16810584
200, 1.69170696065665698e+09, 16810584
200, 1.69170698065685010e+09, 16810584
200, 1.69170700065703297e+09, 16810600
200, 1.69170702065725398e+09, 16810600
201, 1.69170686065553498e+09, 16465528
201, 1.69170688065585089e+09, 16859612
201, 1.69170690065603995e+09, 16859772
201, 1.69170692065625405e+09, 16859772
201, 1.69170694065643597e+09, 16859772
201, 1.69170696065662503e+09, 16859772
201, 1.69170698065682292e+09, 16859772
201, 1.69170700065701699e+09, 16859788
201, 1.69170702065724802e+09, 16859788
202, 1.69170686065543795e+09, 16467888
202, 1.69170688065575910e+09, 16783976
202, 1.69170690065591908e+09, 16783984
202, 1.69170692065608692e+09, 16783984
202, 1.69170694065627003e+09, 16783984
202, 1.69170696065643811e+09, 16783984
202, 1.69170698065661407e+09, 16783984
202, 1.69170700065677905e+09, 16784000
202, 1.69170702065693212e+09, 16784000
203, 1.69170686065547490e+09, 16419116
203, 1.69170688065578294e+09, 16813180
203, 1.69170690065596795e+09, 16813340
203, 1.69170692065615392e+09, 16813344
203, 1.69170694065634298e+09, 16813344
203, 1.69170696065652394e+09, 16813344
203, 1.69170698065671396e+09, 16813344
203, 1.69170700065688896e+09, 16813360
203, 1.69170702065707707e+09, 16813360
204, 1.69170686065547991e+09, 16464788
204, 1.69170688065588808e+09, 16858976
204, 1.69170690065605497e+09, 16858976
204, 1.69170692065624499e+09, 16858976
204, 1.69170694065642500e+09, 16858976
204, 1.69170696065660596e+09, 16858976
204, 1.69170698065679002e+09, 16858976
204, 1.69170700065697694e+09, 16858992
204, 1.69170702065715003e+09, 16858992
205, 1.69170686065558600e+09, 16460652
205, 1.69170688065593195e+09, 16776748
205, 1.69170690065609407e+09, 16776748
205, 1.69170692065626311e+09, 16776748
205, 1.69170694065643597e+09, 16776748
205, 1.69170696065661407e+09, 16776748
205, 1.69170698065680003e+09, 16776748
205, 1.69170700065697908e+09, 16776764
205, 1.69170702065714693e+09, 16776764
206, 1.69170686065555191e+09, 16463960
206, 1.69170688065589309e+09, 16858012
206, 1.69170690065605998e+09, 16858164
206, 1.69170692065624094e+09, 16858164
206, 1.69170694065642500e+09, 16858164
206, 1.69170696065659404e+09, 16858164
206, 1.69170698065679097e+09, 16858164
206, 1.69170700065697002e+09, 16858180
206, 1.69170702065715003e+09, 16858180
207, 1.69170686065551400e+09, 16472604
207, 1.69170688065589809e+09, 16788692
207, 1.69170690065606093e+09, 16788692
207, 1.69170692065623808e+09, 16788692
207, 1.69170694065640998e+09, 16788692
207, 1.69170696065659308e+09, 16788692
207, 1.69170698065678000e+09, 16788692
207, 1.69170700065696406e+09, 16788708
207, 1.69170702065713310e+09, 16788708
208, 1.69170686065550804e+09, 16463840
208, 1.69170688065583801e+09, 16858052
208, 1.69170690065604091e+09, 16858052
208, 1.69170692065621400e+09, 16858052
208, 1.69170694065638089e+09, 16858052
208, 1.69170696065656209e+09, 16858052
208, 1.69170698065672994e+09, 16858052
208, 1.69170700065690708e+09, 16858068
208, 1.69170702065708208e+09, 16858068
209, 1.69170686065554810e+09, 16464368
209, 1.69170688065590000e+09, 16858576
209, 1.69170690065608501e+09, 16858576
209, 1.69170692065627909e+09, 16858576
209, 1.69170694065645099e+09, 16858576
209, 1.69170696065663195e+09, 16858576
209, 1.69170698065681100e+09, 16858576
209, 1.69170700065698910e+09, 16858592
209, 1.69170702065716410e+09, 16858592
210, 1.69170686065547705e+09, 16470692
210, 1.69170688065581489e+09, 16786796
210, 1.69170690065598512e+09, 16786796
210, 1.69170692065615797e+09, 16786796
210, 1.69170694065632200e+09, 16786796
210, 1.69170696065649509e+09, 16786796
210, 1.69170698065665698e+09, 16786796
210, 1.69170700065682292e+09, 16786812
210, 1.69170702065700889e+09, 16786812
211, 1.69170686065548897e+09, 16463172
211, 1.69170688065581799e+09, 16857224
211, 1.69170690065598989e+09, 16857388
211, 1.69170692065615797e+09, 16857388
211, 1.69170694065631104e+09, 16857388
211, 1.69170696065647292e+09, 16857388
211, 1.69170698065665388e+09, 16857388
211, 1.69170700065682006e+09, 16857404
211, 1.69170702065700412e+09, 16857404
212, 1.69170686065554404e+09, 16416244
212, 1.69170688065601492e+09, 16810436
212, 1.69170690065620804e+09, 16810436
212, 1.69170692065639496e+09, 16810436
212, 1.69170694065659809e+09, 16810436
212, 1.69170696065679502e+09, 16810436
212, 1.69170698065701699e+09, 16810436
212, 1.69170700065722704e+09, 16810452
212, 1.69170702065742993e+09, 16810452
213, 1.69170686065555692e+09, 16414216
213, 1.69170688065600610e+09, 16808436
213, 1.69170690065619302e+09, 16808444
213, 1.69170692065637112e+09, 16808444
213, 1.69170694065656996e+09, 16808444
213, 1.69170696065679097e+09, 16808444
213, 1.69170698065699410e+09, 16808444
213, 1.69170700065720701e+09, 16808460
213, 1.69170702065741611e+09, 16808460
214, 1.69170686065556407e+09, 16415240
214, 1.69170688065603709e+09, 16809448
214, 1.69170690065625405e+09, 16809448
214, 1.69170692065646410e+09, 16809448
214, 1.69170694065670490e+09, 16809448
214, 1.69170696065694094e+09, 16809448
214, 1.69170698065716910e+09, 16809448
214, 1.69170700065739107e+09, 16809464
214, 1.69170702065762591e+09, 16809464
215, 1.69170686065553093e+09, 16472884
215, 1.69170688065600610e+09, 16788820
215, 1.69170690065620995e+09, 16788820
215, 1.69170692065641403e+09, 16788976
215, 1.69170694065666008e+09, 16788976
215, 1.69170696065688491e+09, 16788976
215, 1.69170698065711594e+09, 16788976
215, 1.69170700065735292e+09, 16788992
215, 1.69170702065758109e+09, 16788992
216, 1.69170686065558910e+09, 16459364
216, 1.69170688065592694e+09, 16775448
216, 1.69170690065610099e+09, 16775448
216, 1.69170692065627694e+09, 16775456
216, 1.69170694065645289e+09, 16775456
216, 1.69170696065662098e+09, 16775456
216, 1.69170698065678906e+09, 16775456
216, 1.69170700065697908e+09, 16775472
216, 1.69170702065716195e+09, 16775472
217, 1.69170686065550995e+09, 16416060
217, 1.69170688065587997e+09, 16810272
217, 1.69170690065606093e+09, 16810276
217, 1.69170692065623307e+09, 16810280
217, 1.69170694065643597e+09, 16810280
217, 1.69170696065662193e+09, 16810280
217, 1.69170698065680790e+09, 16810280
217, 1.69170700065699506e+09, 16810296
217, 1.69170702065719604e+09, 16810296
218, 1.69170686065549803e+09, 16469548
218, 1.69170688065587592e+09, 16785480
218, 1.69170690065607405e+09, 16785480
218, 1.69170692065627599e+09, 16785644
218, 1.69170694065647507e+09, 16785644
218, 1.69170696065668893e+09, 16785644
218, 1.69170698065689492e+09, 16785644
218, 1.69170700065713692e+09, 16785660
218, 1.69170702065733695e+09, 16785660
219, 1.69170686065554690e+09, 16464188
219, 1.69170688065588498e+09, 16780248
219, 1.69170690065608597e+09, 16780248
219, 1.69170692065628004e+09, 16780256
219, 1.69170694065646791e+09, 16780256
219, 1.69170696065668201e+09, 16780256
219, 1.69170698065686798e+09, 16780256
219, 1.69170700065710497e+09, 16780272
219, 1.69170702065731001e+09, 16780272
220, 1.69170686065554810e+09, 16417672
220, 1.69170688065590501e+09, 16811872
220, 1.69170690065614104e+09, 16811880
220, 1.69170692065634108e+09, 16811880
220, 1.69170694065653801e+09, 16811880
220, 1.69170696065672898e+09, 16811880
220, 1.69170698065694404e+09, 16811880
220, 1.69170700065715003e+09, 16811896
220, 1.69170702065735412e+09, 16811896
221, 1.69170686065559697e+09, 16464632
221, 1.69170688065595102e+09, 16858684
221, 1.69170690065612197e+09, 16858684
221, 1.69170692065628791e+09, 16858844
221, 1.69170694065649509e+09, 16858844
221, 1.69170696065667105e+09, 16858844
221, 1.69170698065684509e+09, 16858844
221, 1.69170700065706205e+09, 16858860
221, 1.69170702065724993e+09, 16858860
222, 1.69170686065548992e+09, 16467068
222, 1.69170688065585089e+09, 16861268
222, 1.69170690065602899e+09, 16861276
222, 1.69170692065619802e+09, 16861280
222, 1.69170694065638804e+09, 16861280
222, 1.69170696065656590e+09, 16861280
222, 1.69170698065674996e+09, 16861280
222, 1.69170700065693998e+09, 16861296
222, 1.69170702065712905e+09, 16861296
223, 1.69170686065547204e+09, 16464996
223, 1.69170688065583706e+09, 16781068
223, 1.69170690065607810e+09, 16781068
223, 1.69170692065624690e+09, 16781076
223, 1.69170694065642691e+09, 16781076
223, 1.69170696065662789e+09, 16781076
223, 1.69170698065682101e+09, 16781076
223, 1.69170700065703011e+09, 16781092
223, 1.69170702065721798e+09, 16781092
224, 1.69170686065551901e+09, 16464764
224, 1.69170688065583706e+09, 16858956
224, 1.69170690065599990e+09, 16858972
224, 1.69170692065621305e+09, 16858972
224, 1.69170694065639496e+09, 16858972
224, 1.69170696065653300e+09, 16858972
224, 1.69170698065674400e+09, 16858972
224, 1.69170700065692806e+09, 16858988
224, 1.69170702065709305e+09, 16858988
225, 1.69170686065552592e+09, 16466284
225, 1.69170688065587497e+09, 16860504
225, 1.69170690065602112e+09, 16860520
225, 1.69170692065616393e+09, 16860520
225, 1.69170694065631700e+09, 16860520
225, 1.69170696065647793e+09, 16860520
225, 1.69170698065662098e+09, 16860520
225, 1.69170700065678310e+09, 16860536
225, 1.69170702065692711e+09, 16860536
226, 1.69170686065551496e+09, 16462884
226, 1.69170688065586209e+09, 16857092
226, 1.69170690065601492e+09, 16857108
226, 1.69170692065619898e+09, 16857108
226, 1.69170694065635109e+09, 16857108
226, 1.69170696065652204e+09, 16857108
226, 1.69170698065668797e+09, 16857108
226, 1.69170700065685797e+09, 16857124
226, 1.69170702065700793e+09, 16857124
227, 1.69170686065559411e+09, 16465900
227, 1.69170688065590096e+09, 16860124
227, 1.69170690065603709e+09, 16860124
227, 1.69170692065615511e+09, 16860136
227, 1.69170694065631604e+09, 16860136
227, 1.69170696065646100e+09, 16860136
227, 1.69170698065662503e+09, 16860136
227, 1.69170700065676808e+09, 16860152
227, 1.69170702065691805e+09, 16860152
228, 1.69170686065550995e+09, 16418608
228, 1.69170688065585399e+09, 16812792
228, 1.69170690065601301e+09, 16812792
228, 1.69170692065619397e+09, 16812792
228, 1.69170694065633988e+09, 16812792
228, 1.69170696065651107e+09, 16812792
228, 1.69170698065668893e+09, 16812792
228, 1.69170700065686607e+09, 16812808
228, 1.69170702065702105e+09, 16812808
229, 1.69170686065562606e+09, 16469680
229, 1.69170688065594101e+09, 16863912
229, 1.69170690065611410e+09, 16863912
229, 1.69170692065627909e+09, 16863912
229, 1.69170694065642500e+09, 16863912
229, 1.69170696065661597e+09, 16863912
229, 1.69170698065677595e+09, 16863912
229, 1.69170700065695190e+09, 16863928
229, 1.69170702065709901e+09, 16863928
230, 1.69170686065544105e+09, 16417784
230, 1.69170688065577292e+09, 16812012
230, 1.69170690065589595e+09, 16812012
230, 1.69170692065601301e+09, 16812012
230, 1.69170694065612888e+09, 16812012
230, 1.69170696065623593e+09, 16812012
230, 1.69170698065636897e+09, 16812012
230, 1.69170700065649796e+09, 16812032
230, 1.69170702065665293e+09, 16812032
231, 1.69170686065556502e+09, 16464704
231, 1.69170688065588999e+09, 16858944
231, 1.69170690065603995e+09, 16858944
231, 1.69170692065620303e+09, 16858944
231, 1.69170694065636492e+09, 16858948
231, 1.69170696065652299e+09, 16858948
231, 1.69170698065671611e+09, 16858948
231, 1.69170700065688705e+09, 16858964
231, 1.69170702065704489e+09, 16858964
232, 1.69170686065550709e+09, 16461416
232, 1.69170688065580797e+09, 16778964
232, 1.69170690065597296e+09, 16779124
232, 1.69170692065612292e+09, 16779132
232, 1.69170694065626597e+09, 16779132
232, 1.69170696065641308e+09, 16779132
232, 1.69170698065657711e+09, 16779132
232, 1.69170700065674210e+09, 16779148
232, 1.69170702065689993e+09, 16779148
233, 1.69170686065550399e+09, 16465132
233, 1.69170688065588403e+09, 16781208
233, 1.69170690065605497e+09, 16781220
233, 1.69170692065625596e+09, 16781224
233, 1.69170694065641904e+09, 16781228
233, 1.69170696065658307e+09, 16781228
233, 1.69170698065676498e+09, 16781228
233, 1.69170700065692496e+09, 16781244
233, 1.69170702065708494e+09, 16781244
234, 1.69170686065546489e+09, 16462880
234, 1.69170688065586495e+09, 16857108
234, 1.69170690065603089e+09, 16857116
234, 1.69170692065620995e+09, 16857120
234, 1.69170694065636992e+09, 16857120
234, 1.69170696065650010e+09, 16857120
234, 1.69170698065664291e+09, 16857120
234, 1.69170700065677404e+09, 16857136
234, 1.69170702065692902e+09, 16857136
235, 1.69170686065547299e+09, 16462064
235, 1.69170688065587592e+09, 16856268
235, 1.69170690065603304e+09, 16856276
235, 1.69170692065622711e+09, 16856280
235, 1.69170694065639091e+09, 16856284
235, 1.69170696065655494e+09, 16856284
235, 1.69170698065673208e+09, 16856284
235, 1.69170700065687799e+09, 16856300
235, 1.69170702065703607e+09, 16856300
236, 1.69170686065548897e+09, 16464372
236, 1.69170688065589404e+09, 16858596
236, 1.69170690065605307e+09, 16858596
236, 1.69170692065626788e+09, 16858596
236, 1.69170694065642810e+09, 16858596
236, 1.69170696065659189e+09, 16858596
236, 1.69170698065676308e+09, 16858596
236, 1.69170700065692496e+09, 16858612
236, 1.69170702065708590e+09, 16858612
237, 1.69170686065553904e+09, 16464472
237, 1.69170688065592194e+09, 16858692
237, 1.69170690065609789e+09, 16858692
237, 1.69170692065630507e+09, 16858692
237, 1.69170694065647006e+09, 16858692
237, 1.69170696065664601e+09, 16858692
237, 1.69170698065683603e+09, 16858692
237, 1.69170700065700889e+09, 16858708
237, 1.69170702065718198e+09, 16858708
238, 1.69170686065557098e+09, 16464424
238, 1.69170688065590000e+09, 16780516
238, 1.69170690065604305e+09, 16780516
238, 1.69170692065619802e+09, 16780516
238, 1.69170694065634894e+09, 16780516
238, 1.69170696065649295e+09, 16780516
238, 1.69170698065665197e+09, 16780516
238, 1.69170700065679598e+09, 16780532
238, 1.69170702065694499e+09, 16780532
239, 1.69170686065549302e+09, 16463500
239, 1.69170688065589309e+09, 16857720
239, 1.69170690065604305e+09, 16857720
239, 1.69170692065620804e+09, 16857720
239, 1.69170694065637302e+09, 16857720
239, 1.69170696065652394e+09, 16857720
239, 1.69170698065668511e+09, 16857720
239, 1.69170700065684605e+09, 16857736
239, 1.69170702065701199e+09, 16857736
240, 1.69170686065553093e+09, 16469960
240, 1.69170688065591693e+09, 16785860
240, 1.69170690065612102e+09, 16785860
240, 1.69170692065633798e+09, 16786020
240, 1.69170694065655994e+09, 16786020
240, 1.69170696065678310e+09, 16786020
240, 1.69170698065700102e+09, 16786020
240, 1.69170700065722394e+09, 16786036
240, 1.69170702065743208e+09, 16786036
241, 1.69170686065558910e+09, 16461340
241, 1.69170688065597510e+09, 16855492
241, 1.69170690065621495e+09, 16855500
241, 1.69170692065641689e+09, 16855500
241, 1.69170694065661502e+09, 16855500
241, 1.69170696065685105e+09, 16855500
241, 1.69170698065706992e+09, 16855500
241, 1.69170700065729189e+09, 16855516
241, 1.69170702065750790e+09, 16855516
242, 1.69170686065549493e+09, 16461364
242, 1.69170688065588093e+09, 16855588
242, 1.69170690065606403e+09, 16855592
242, 1.69170692065624690e+09, 16855592
242, 1.69170694065646100e+09, 16855592
242, 1.69170696065666199e+09, 16855592
242, 1.69170698065686607e+09, 16855592
242, 1.69170700065705705e+09, 16855608
242, 1.69170702065726399e+09, 16855608
243, 1.69170686065548611e+09, 16462712
243, 1.69170688065586805e+09, 16856916
243, 1.69170690065607500e+09, 16856924
243, 1.69170692065625095e+09, 16856924
243, 1.69170694065642500e+09, 16856924
243, 1.69170696065662599e+09, 16856924
243, 1.69170698065682197e+09, 16856924
243, 1.69170700065701509e+09, 16856940
243, 1.69170702065719795e+09, 16856940
244, 1.69170686065546894e+09, 16464916
244, 1.69170688065582490e+09, 16859116
244, 1.69170690065605092e+09, 16859116
244, 1.69170692065627408e+09, 16859116
244, 1.69170694065648389e+09, 16859116
244, 1.69170696065670109e+09, 16859116
244, 1.69170698065691304e+09, 16859116
244, 1.69170700065714192e+09, 16859132
244, 1.69170702065735698e+09, 16859132
245, 1.69170686065541911e+09, 16419544
245, 1.69170688065581203e+09, 16813748
245, 1.69170690065595007e+09, 16813748
245, 1.69170692065612411e+09, 16813748
245, 1.69170694065633392e+09, 16813748
245, 1.69170696065651608e+09, 16813748
245, 1.69170698065671802e+09, 16813748
245, 1.69170700065691805e+09, 16813764
245, 1.69170702065710092e+09, 16813764
246, 1.69170686065544009e+09, 16468156
246, 1.69170688065579104e+09, 16784264
246, 1.69170690065598202e+09, 16784264
246, 1.69170692065620804e+09, 16784264
246, 1.69170694065642309e+09, 16784264
246, 1.69170696065664411e+09, 16784264
246, 1.69170698065685010e+09, 16784264
246, 1.69170700065707207e+09, 16784280
246, 1.69170702065726805e+09, 16784280
247, 1.69170686065552998e+09, 16461960
247, 1.69170688065591598e+09, 16856032
247, 1.69170690065612102e+09, 16856032
247, 1.69170692065634704e+09, 16856192
247, 1.69170694065656304e+09, 16856192
247, 1.69170696065678406e+09, 16856192
247, 1.69170698065701103e+09, 16856192
247, 1.69170700065724897e+09, 16856208
247, 1.69170702065746093e+09, 16856208
248, 1.69170686065553999e+09, 16469808
248, 1.69170688065589690e+09, 16785908
248, 1.69170690065611911e+09, 16785908
248, 1.69170692065629697e+09, 16785908
248, 1.69170694065650010e+09, 16785908
248, 1.69170696065669703e+09, 16785908
248, 1.69170698065686488e+09, 16785908
248, 1.69170700065706706e+09, 16785924
248, 1.69170702065723610e+09, 16785924
249, 1.69170686065550399e+09, 16464560
249, 1.69170688065588808e+09, 16858752
249, 1.69170690065606594e+09, 16858752
249, 1.69170692065621805e+09, 16858752
249, 1.69170694065637708e+09, 16858752
249, 1.69170696065652895e+09, 16858752
249, 1.69170698065671301e+09, 16858752
249, 1.69170700065685797e+09, 16858768
249, 1.69170702065704107e+09, 16858768
250, 1.69170686065548992e+09, 16461256
250, 1.69170688065586305e+09, 16855472
250, 1.69170690065603399e+09, 16855472
250, 1.69170692065618491e+09, 16855472
250, 1.69170694065636110e+09, 16855472
250, 1.69170696065653110e+09, 16855472
250, 1.69170698065670490e+09, 16855472
250, 1.69170700065687799e+09, 16855488
250, 1.69170702065704393e+09, 16855488
251, 1.69170686065558004e+09, 16462852
251, 1.69170688065592790e+09, 16856908
251, 1.69170690065612793e+09, 16856908
251, 1.69170692065630507e+09, 16857060
251, 1.69170694065649796e+09, 16857060
251, 1.69170696065668011e+09, 16857060
251, 1.69170698065687203e+09, 16857060
251, 1.69170700065707707e+09, 16857076
251, 1.69170702065727806e+09, 16857076
252, 1.69170686065552711e+09, 16463500
252, 1.69170688065586209e+09, 16857708
252, 1.69170690065604901e+09, 16857716
252, 1.69170692065622401e+09, 16857716
252, 1.69170694065639305e+09, 16857716
252, 1.69170696065657091e+09, 16857716
252, 1.69170698065674591e+09, 16857716
252, 1.69170700065692210e+09, 16857732
252, 1.69170702065708995e+09, 16857732
253, 1.69170686065546298e+09, 16465028
253, 1.69170688065583491e+09, 16859076
253, 1.69170690065599704e+09, 16859236
253, 1.69170692065617895e+09, 16859236
253, 1.69170694065637302e+09, 16859236
253, 1.69170696065655708e+09, 16859236
253, 1.69170698065672493e+09, 16859236
253, 1.69170700065691710e+09, 16859252
253, 1.69170702065710998e+09, 16859252
254, 1.69170686065545511e+09, 16471440
254, 1.69170688065582299e+09, 16787536
254, 1.69170690065598893e+09, 16787540
254, 1.69170692065615106e+09, 16787540
254, 1.69170694065634608e+09, 16787540
254, 1.69170696065653300e+09, 16787540
254, 1.69170698065671396e+09, 16787540
254, 1.69170700065688896e+09, 16787556
254, 1.69170702065707493e+09, 16787556
255, 1.69170686065549302e+09, 16463296
255, 1.69170688065582609e+09, 16857520
255, 1.69170690065598392e+09, 16857532
255, 1.69170692065614104e+09, 16857532
255, 1.69170694065632391e+09, 16857532
255, 1.69170696065649796e+09, 16857532
255, 1.69170698065666008e+09, 16857532
255, 1.69170700065683389e+09, 16857548
255, 1.69170702065699911e+09, 16857548
